iter	Logloss
0	0.6804833184
1	0.6683636534
2	0.6571604081
3	0.6461754943
4	0.6355833645
5	0.6253126426
6	0.6159737475
7	0.6069129341
8	0.598446315
9	0.5900839914
10	0.5821916006
11	0.574807281
12	0.5675026155
13	0.560577649
14	0.5535493742
15	0.5473938087
16	0.5413352319
17	0.5357289391
18	0.5301066416
19	0.5249441525
20	0.5200369058
21	0.5153055256
22	0.5107144019
23	0.5061672304
24	0.5018887656
25	0.4977139396
26	0.4937803467
27	0.4901732319
28	0.4866939632
29	0.4833464569
30	0.4802811123
31	0.4772930886
32	0.4742312526
33	0.4714507747
34	0.4688635421
35	0.4662024758
36	0.4636595565
37	0.4612096158
38	0.4586889851
39	0.4560987129
40	0.4539247784
41	0.4517945305
42	0.4499093083
43	0.4480921649
44	0.4459178176
45	0.4443299317
46	0.4423739132
47	0.4407104407
48	0.4392221038
49	0.4377374789
50	0.4364230383
51	0.4347670122
52	0.4335738428
53	0.4323978264
54	0.431283917
55	0.4302651204
56	0.4291463419
57	0.4277690929
58	0.4267227563
59	0.4254549041
60	0.4246225635
61	0.4235752675
62	0.4223908887
63	0.4212842055
64	0.420431387
65	0.4192001561
66	0.4180183064
67	0.4173303973
68	0.4167359943
69	0.4161730823
70	0.415348897
71	0.414374028
72	0.4136868154
73	0.4131004603
74	0.4124022032
75	0.4118135888
76	0.4110336258
77	0.4104301471
78	0.4100098983
79	0.4091604491
80	0.4087390929
81	0.4082812496
82	0.4076373091
83	0.4068767557
84	0.4061938898
85	0.4057321291
86	0.4052504097
87	0.4048249791
88	0.4045284915
89	0.4038434922
90	0.4033564483
91	0.4027444698
92	0.402459221
93	0.4019392145
94	0.401386086
95	0.4010987962
96	0.4005938044
97	0.400241217
98	0.399929249
99	0.3995681246
100	0.3992305296
101	0.3988059039
102	0.3985919664
103	0.3980854782
104	0.3977203718
105	0.3972920629
106	0.3970288743
107	0.3967733269
108	0.3965675106
109	0.396153738
110	0.3957423817
111	0.395438506
112	0.3952309675
113	0.3950742655
114	0.3948852251
115	0.3945685378
116	0.3944149686
117	0.3942009915
118	0.3940592577
119	0.3938786503
120	0.3935813381
121	0.3934042222
122	0.393245237
123	0.3931117238
124	0.3927580467
125	0.3924805787
126	0.3921476299
127	0.3919750106
128	0.3917892757
129	0.3915969709
130	0.3913694479
131	0.3913040266
132	0.3910677972
133	0.3908445939
134	0.3907432108
135	0.3905236674
136	0.3902584229
137	0.3901266569
138	0.389899195
139	0.3897119417
140	0.3896219344
141	0.3893874499
142	0.3891575397
143	0.388850302
144	0.388642537
145	0.3884829888
146	0.3882486862
147	0.3881486811
148	0.3880484109
149	0.387852431
150	0.3877478078
151	0.3875396017
152	0.3874077088
153	0.3873284602
154	0.3872217463
155	0.3869971334
156	0.3868840256
157	0.3867817875
158	0.3867477636
159	0.386668763
160	0.386574663
161	0.3864397404
162	0.3863337645
163	0.3861766395
164	0.3860973539
165	0.3860555418
166	0.3859343819
167	0.3858278563
168	0.3857269843
169	0.3856755365
170	0.3856313072
171	0.3855373684
172	0.3853985053
173	0.3853236958
174	0.385230148
175	0.3851482388
176	0.3850784374
177	0.3850043467
178	0.3848939217
179	0.3847985254
180	0.3847286561
181	0.384621012
182	0.3845854775
183	0.3844240163
184	0.3843619647
185	0.3841964985
186	0.3841077757
187	0.3839782627
188	0.3839148497
189	0.3838491365
190	0.3837646221
191	0.3837080026
192	0.383549142
193	0.3834466049
194	0.3833900395
195	0.383274262
196	0.3831618407
197	0.3831112233
198	0.3830621848
199	0.3830165224
200	0.3829361051
201	0.3828674254
202	0.3828172997
203	0.382759429
204	0.3827213704
205	0.3826229036
206	0.3825188036
207	0.3824224938
208	0.3823332619
209	0.3822386833
210	0.3821263277
211	0.382075976
212	0.3820027745
213	0.3819060166
214	0.3817836922
215	0.3817302379
216	0.381706395
217	0.3816459834
218	0.3815987625
219	0.3815664854
220	0.3815430093
221	0.3814945611
222	0.381361795
223	0.3813004867
224	0.3812472045
225	0.3811815052
226	0.3810471933
227	0.381003676
228	0.3808549615
229	0.3808151262
230	0.3807971694
231	0.380704844
232	0.38066403
233	0.3806113107
234	0.380497897
235	0.3803996314
236	0.3803044112
237	0.3801522904
238	0.3800342569
239	0.3799864685
240	0.3799647284
241	0.3798645965
242	0.379787027
243	0.3797530436
244	0.3797076569
245	0.3796691572
246	0.3795975765
247	0.3795407325
248	0.379494505
249	0.3793519248
250	0.3792375502
251	0.3791486398
252	0.3791319744
253	0.3791124964
254	0.3790875813
255	0.3790159239
256	0.3788883454
257	0.3788459583
258	0.3788123815
259	0.3787484631
260	0.3787106885
261	0.3786759818
262	0.378634366
263	0.3785234522
264	0.3785199056
265	0.3785124404
266	0.3783512505
267	0.3783327813
268	0.3782216177
269	0.3782112294
270	0.3781882245
271	0.3781746006
272	0.3781000005
273	0.3780136105
274	0.3779788149
275	0.3778907566
276	0.3778190681
277	0.3778064701
278	0.3777722935
279	0.377761624
280	0.3777340384
281	0.3777078969
282	0.3776622227
283	0.3776346464
284	0.3776303553
285	0.3775838686
286	0.377521334
287	0.3774947341
288	0.3774922449
289	0.3774652364
290	0.3774443982
291	0.3773380547
292	0.3773028866
293	0.377277034
294	0.3772730584
295	0.3772514326
296	0.3771725934
297	0.3771283319
298	0.3770908442
299	0.3770672129
300	0.3770644941
301	0.3770274341
302	0.3770060964
303	0.3768696158
304	0.376844295
305	0.3767828757
306	0.3767789465
307	0.3767218876
308	0.3766155313
309	0.3765779107
310	0.3765720097
311	0.3765463139
312	0.3765432514
313	0.3764929799
314	0.376485376
315	0.3764540394
316	0.3764511466
317	0.3764167571
318	0.3763749738
319	0.3762975878
320	0.3762564565
321	0.3762273209
322	0.3762035179
323	0.3761185718
324	0.3760501406
325	0.3760308117
326	0.3759224451
327	0.3758929747
328	0.3758720492
329	0.3758620539
330	0.3758224835
331	0.375780558
332	0.3757573837
333	0.3757526297
334	0.3757146877
335	0.3756080072
336	0.3755751981
337	0.3755699432
338	0.375566728
339	0.3755628167
340	0.3754830929
341	0.375409139
342	0.3753846337
343	0.3752814555
344	0.375173411
345	0.375081138
346	0.3750238722
347	0.3750131202
348	0.3749641918
349	0.3749066981
350	0.3748996644
351	0.3748588279
352	0.3748069854
353	0.3747921587
354	0.3747602586
355	0.3747568304
356	0.3747299384
357	0.3746370236
358	0.3745868542
359	0.374480342
360	0.3744536322
361	0.3744501333
362	0.3744281155
363	0.3743419589
364	0.3743259681
365	0.3743150483
366	0.3742639728
367	0.3742424007
368	0.3742201879
369	0.3741870969
370	0.3741752383
371	0.3741374409
372	0.3741166775
373	0.3740871704
374	0.3740663322
375	0.374043014
376	0.3739981292
377	0.3739836068
378	0.3739282284
379	0.3739268656
380	0.3739244317
381	0.37390775
382	0.3738836401
383	0.3738481263
384	0.3738322198
385	0.3738002925
386	0.3737842395
387	0.3737584317
388	0.3737134952
389	0.3736502028
390	0.37359381
391	0.3735787424
392	0.3735763099
393	0.3735721885
394	0.373568199
395	0.3735603116
396	0.373531722
397	0.373527836
398	0.3735239796
399	0.3735183438
400	0.3734994518
401	0.3734957807
402	0.373492876
403	0.3734905971
404	0.3734439791
405	0.3734366832
406	0.3734090235
407	0.3734060291
408	0.3734037549
409	0.373298184
410	0.3732586007
411	0.373236941
412	0.3732097711
413	0.3732056534
414	0.3731938908
415	0.37316147
416	0.3730779299
417	0.3730674856
418	0.373065569
419	0.3730500768
420	0.3730401523
421	0.372990119
422	0.3729867598
423	0.3728813088
424	0.3728337822
425	0.3728106479
426	0.3728036774
427	0.3727138936
428	0.3726931545
429	0.3726561815
430	0.3726551838
431	0.3725944464
432	0.3725737383
433	0.3724936992
434	0.3724723311
435	0.3724505478
436	0.3724191407
437	0.3724083508
438	0.3723672757
439	0.3723257913
440	0.3722634925
441	0.3721941736
442	0.372190835
443	0.3721692802
444	0.3721643442
445	0.3721631118
446	0.3721599351
447	0.3721552096
448	0.3721523718
449	0.372135486
450	0.3721298971
451	0.3720395605
452	0.3720375341
453	0.3720061934
454	0.3719742085
455	0.3719718412
456	0.3719174274
457	0.3718787244
458	0.371875941
459	0.3718477506
460	0.3718232072
461	0.3718179694
462	0.3718158444
463	0.371810953
464	0.3718016394
465	0.3717980287
466	0.3717951012
467	0.3717906287
468	0.3717880377
469	0.3717687022
470	0.3716907921
471	0.3716886688
472	0.3716860328
473	0.371683925
474	0.3716748002
475	0.3715869957
476	0.371550111
477	0.3715323593
478	0.3715250091
479	0.3715081192
480	0.3714442366
481	0.3714340469
482	0.3714309871
483	0.3714076202
484	0.3714058246
485	0.371403066
486	0.3713867473
487	0.3713556306
488	0.3713259877
489	0.3712958233
490	0.3712929457
491	0.3712902458
492	0.3712785439
493	0.3712761102
494	0.3712458452
495	0.3712227521
496	0.3711195841
497	0.3711171679
498	0.3710733189
499	0.3710450765
500	0.3710374306
501	0.3710355043
502	0.3709250314
503	0.3709159937
504	0.3709075241
505	0.3708512852
506	0.3708431421
507	0.3708146187
508	0.3707840587
509	0.3707268827
510	0.3707235607
511	0.3707170427
512	0.3707094195
513	0.3707028126
514	0.3707007851
515	0.3706983094
516	0.3706954341
517	0.370671197
518	0.370656679
519	0.370647656
520	0.3705886472
521	0.3705866694
522	0.3705833321
523	0.3705807555
524	0.3704982435
525	0.3704943172
526	0.3704875421
527	0.3704851637
528	0.3704557492
529	0.3704485527
530	0.3704464766
531	0.3704431209
532	0.3704330273
533	0.3704014674
534	0.3703978387
535	0.3703945208
536	0.3703914422
537	0.370303398
538	0.3702791917
539	0.3702775398
540	0.3702741787
541	0.3701613452
542	0.3701574608
543	0.3701213069
544	0.3701117288
545	0.3701082112
546	0.3700356657
547	0.3700220873
548	0.3699148053
549	0.3698829048
550	0.3698804728
551	0.3698777531
552	0.3698750309
553	0.3698725907
554	0.3698156313
555	0.3697420098
556	0.3697307918
557	0.36966397
558	0.3696590362
559	0.3696563225
560	0.3696534476
561	0.3695991016
562	0.3695974449
563	0.3695953398
564	0.3695929104
565	0.3695766687
566	0.3695741028
567	0.3694865946
568	0.3694693614
569	0.3694655439
570	0.3694575718
571	0.3694559195
572	0.3693818524
573	0.3693793418
574	0.3693691468
575	0.3693662599
576	0.3693253216
577	0.3693218792
578	0.3693058494
579	0.3692780826
580	0.3691911615
581	0.3691890924
582	0.3691654332
583	0.3691605695
584	0.3691583532
585	0.3690446197
586	0.3690418427
587	0.3690390826
588	0.3690218427
589	0.3690147511
590	0.3690105972
591	0.3689684565
592	0.3689660801
593	0.3689626376
594	0.3689597697
595	0.3689451076
596	0.3688815762
597	0.3688782394
598	0.3688764379
599	0.3688376469
600	0.3688350049
601	0.3688278111
602	0.368824984
603	0.3687138173
604	0.3687113732
605	0.3687112223
606	0.3686905431
607	0.3686888938
608	0.3686688724
609	0.3686656604
610	0.3686631048
611	0.3686410587
612	0.3686393104
613	0.3686347113
614	0.3686328459
615	0.3686221728
616	0.3686024392
617	0.3685984723
618	0.3685962494
619	0.3685313536
620	0.3685283763
621	0.3684630808
622	0.3684499275
623	0.3684343016
624	0.368399627
625	0.3683967358
626	0.3683946982
627	0.3683695429
628	0.3683671306
629	0.3683587603
630	0.368356302
631	0.368249081
632	0.3682473146
633	0.3681446997
634	0.3681009754
635	0.368050906
636	0.368045888
637	0.3680428428
638	0.3680009467
639	0.3679979668
640	0.3679961151
641	0.3679890905
642	0.3679762451
643	0.367909233
644	0.3678972421
645	0.3678881245
646	0.3678853296
647	0.3678585269
648	0.3678569138
649	0.3678025074
650	0.3677360537
651	0.3677332838
652	0.367710278
653	0.3677068067
654	0.3676567716
655	0.3676355331
656	0.3676167165
657	0.3676132914
658	0.3675423778
659	0.3675395562
660	0.367526309
661	0.3675230202
662	0.3675022875
663	0.3674996926
664	0.3674979743
665	0.3674805852
666	0.3674784077
667	0.3674759409
668	0.3674629764
669	0.3674603024
670	0.3674578402
671	0.3673859407
672	0.3673844108
673	0.3673813644
674	0.3673782676
675	0.3673763709
676	0.3673543974
677	0.3673512821
678	0.3673219966
679	0.3672656343
680	0.367206632
681	0.36720509
682	0.3672006372
683	0.3671870307
684	0.3671366997
685	0.3671344564
686	0.3671319539
687	0.367078096
688	0.3670765856
689	0.3670332677
690	0.3670307943
691	0.3670280804
692	0.3670247727
693	0.3669742369
694	0.366971223
695	0.3669693512
696	0.3669365987
697	0.3669246153
698	0.3669222678
699	0.3669165651
700	0.3669001438
701	0.3668973766
702	0.3668539845
703	0.366832867
704	0.366795704
705	0.366793569
706	0.3667908628
707	0.3667871217
708	0.3667300841
709	0.3666832046
710	0.3666355703
711	0.3666153404
712	0.3666029501
713	0.3665587691
714	0.3665556806
715	0.3665489601
716	0.3665465583
717	0.366525713
718	0.3665234646
719	0.3665197639
720	0.3664951352
721	0.3664903946
722	0.3664820858
723	0.366403324
724	0.3663882219
725	0.3662948353
726	0.3662515393
727	0.3662490621
728	0.3661454025
729	0.3661433477
730	0.3661323836
731	0.366130153
732	0.3661300596
733	0.3661279032
734	0.3661082946
735	0.3661058014
736	0.3661016822
737	0.3660702112
738	0.3660679457
739	0.3660603626
740	0.365973941
741	0.365936368
742	0.3659344782
743	0.3659323373
744	0.3659301671
745	0.3658327872
746	0.3658270547
747	0.365806207
748	0.3657215181
749	0.3657183459
750	0.3656707304
751	0.365635709
752	0.3656078425
753	0.3655981912
754	0.3655753717
755	0.3655335009
756	0.3655280576
757	0.3655257659
758	0.3654176627
759	0.3653957959
760	0.3653064287
761	0.365304979
762	0.3653026356
763	0.3652999314
764	0.365295445
765	0.3652769588
766	0.3652755144
767	0.3652395927
768	0.365209448
769	0.3651778086
770	0.3651093616
771	0.3651076652
772	0.3651059905
773	0.3651053837
774	0.3650975314
775	0.3650537349
776	0.3650523971
777	0.3649830363
778	0.3649208419
779	0.3649191429
780	0.3648898674
781	0.3648896777
782	0.364848095
783	0.3648460758
784	0.3648071534
785	0.3647940454
786	0.3647413046
787	0.364739953
788	0.3647185572
789	0.3647157235
790	0.3646998996
791	0.3646318422
792	0.3645908959
793	0.3645817596
794	0.3645348428
795	0.3645326882
796	0.3645292864
797	0.3645290932
798	0.3645091121
799	0.364470846
800	0.3644229427
801	0.3644202265
802	0.3644120749
803	0.3644096183
804	0.3644078958
805	0.3643738349
806	0.3643644373
807	0.3643338673
808	0.3643311907
809	0.3643254756
810	0.3642281616
811	0.3642216012
812	0.3641995398
813	0.3641967278
814	0.364194009
815	0.364139923
816	0.3641212866
817	0.3640857627
818	0.3640570988
819	0.3640549302
820	0.3639669827
821	0.3639630425
822	0.3639262986
823	0.3638816839
824	0.3638461966
825	0.3638402019
826	0.3638198477
827	0.3637543922
828	0.3637455647
829	0.3637087343
830	0.3636891481
831	0.3636741969
832	0.3636696904
833	0.3636670874
834	0.3636297231
835	0.3636199174
836	0.3635992265
837	0.3635608427
838	0.3635182207
839	0.3635158125
840	0.3635140698
841	0.3634929264
842	0.363490995
843	0.3634759964
844	0.3634733209
845	0.3634730206
846	0.3634657543
847	0.3634644814
848	0.3634242722
849	0.363421904
850	0.3633705763
851	0.3633689764
852	0.3633559261
853	0.3633154751
854	0.3633134258
855	0.3633110245
856	0.3633095022
857	0.3632916864
858	0.3632136098
859	0.3631386933
860	0.3631367199
861	0.3631146619
862	0.3631128296
863	0.3631096418
864	0.3630948261
865	0.3630883648
866	0.3630881893
867	0.363073929
868	0.3630614764
869	0.3629761211
870	0.3629711433
871	0.362956574
872	0.362954609
873	0.3629466176
874	0.3629384697
875	0.3629370525
876	0.3629141178
877	0.3629059879
878	0.36289816
879	0.3628963651
880	0.362874434
881	0.3628742253
882	0.3628122237
883	0.3627944978
884	0.3627921464
885	0.3627290579
886	0.3627196183
887	0.3627072175
888	0.3627070305
889	0.362703305
890	0.3626219954
891	0.3625874466
892	0.3625807372
893	0.3625806477
894	0.3625429285
895	0.3625210322
896	0.3625208595
897	0.3624703082
898	0.3624502957
899	0.3624117002
900	0.3623875602
901	0.3623874227
902	0.3623787345
903	0.3623550622
904	0.3623549006
905	0.3623206227
906	0.3622431959
907	0.3622410952
908	0.3621809955
909	0.3621786978
910	0.3621468149
911	0.3621266179
912	0.3621265848
913	0.362125737
914	0.3621077763
915	0.3621057256
916	0.3620821876
917	0.3620062172
918	0.3619944484
919	0.3619707713
920	0.3619458201
921	0.3619243543
922	0.3619160059
923	0.3619096668
924	0.361908386
925	0.3618768708
926	0.3618639966
927	0.3618622696
928	0.3618328321
929	0.3618307488
930	0.3618294893
931	0.3617728071
932	0.3617705806
933	0.3617625753
934	0.3617259148
935	0.3616923011
936	0.3616734092
937	0.361636451
938	0.3616006321
939	0.3615987147
940	0.3615969397
941	0.3615948449
942	0.3615947354
943	0.3615738296
944	0.3615720351
945	0.3615704234
946	0.3615685549
947	0.361537257
948	0.3614927658
949	0.3614563701
950	0.3614275888
951	0.3614202203
952	0.3614176317
953	0.3614147462
954	0.3614103214
955	0.3613966435
956	0.3613661071
957	0.3613636684
958	0.3613621191
959	0.3613540418
960	0.3613281352
961	0.3612944147
962	0.361292331
963	0.3612639764
964	0.3612636211
965	0.3612612975
966	0.3612544526
967	0.3612334185
968	0.3612238734
969	0.3612033714
970	0.3611683892
971	0.3611660347
972	0.3611486389
973	0.3611455211
974	0.3611454059
975	0.361102819
976	0.3611027171
977	0.3611024889
978	0.3610291263
979	0.361027636
980	0.3610230809
981	0.3610135489
982	0.3610071363
983	0.360974072
984	0.3609604171
985	0.3609581364
986	0.3609556865
987	0.3608788592
988	0.3608774229
989	0.3608714331
990	0.360861741
991	0.3608211124
992	0.3608208147
993	0.3607734645
994	0.3607617181
995	0.3607370811
996	0.360732327
997	0.3607010174
998	0.3606986974
999	0.3606650301
1000	0.3606648748
1001	0.3606640263
1002	0.3606473062
1003	0.3606357561
1004	0.3606216453
1005	0.3605921385
1006	0.3605894569
1007	0.3605875551
1008	0.3605861526
1009	0.3605653174
1010	0.3605647417
1011	0.3605631014
1012	0.3605435959
1013	0.360472018
1014	0.3604265386
1015	0.3604099241
1016	0.3604044007
1017	0.3603945018
1018	0.3603935481
1019	0.3603719877
1020	0.3603408105
1021	0.3603251391
1022	0.3603234093
1023	0.3603213786
1024	0.3603211575
1025	0.3603209851
1026	0.3603203244
1027	0.3603099606
1028	0.3602666398
1029	0.3602280265
1030	0.3601983531
1031	0.3601653099
1032	0.36016141
1033	0.3601596534
1034	0.3601538378
1035	0.3601439878
1036	0.3601367931
1037	0.3601281553
1038	0.3601253666
1039	0.3601220108
1040	0.3600636769
1041	0.360057476
1042	0.3600260789
1043	0.3600136848
1044	0.3599918721
1045	0.3599148391
1046	0.3598921474
1047	0.3598904188
1048	0.3598885526
1049	0.3598682121
1050	0.3598519767
1051	0.3598499094
1052	0.3598329519
1053	0.3598299117
1054	0.3598095251
1055	0.3598067363
1056	0.3598047256
1057	0.3597816859
1058	0.3597747922
1059	0.3597428783
1060	0.35974276
1061	0.3597293209
1062	0.3597273947
1063	0.3596654848
1064	0.3596576888
1065	0.3596557211
1066	0.3596443289
1067	0.3596421684
1068	0.3596073913
1069	0.3596049324
1070	0.3596039007
1071	0.3596029244
1072	0.3595628978
1073	0.3595608497
1074	0.3595454745
1075	0.359521385
1076	0.3595193628
1077	0.3594938561
1078	0.3594921717
1079	0.3594296775
1080	0.3594270355
1081	0.3594011344
1082	0.3593935839
1083	0.3593911399
1084	0.359383596
1085	0.3593641896
1086	0.3593562716
1087	0.3592809828
1088	0.3592756145
1089	0.359273771
1090	0.3592266735
1091	0.3592237093
1092	0.3592140202
1093	0.3592112044
1094	0.3592006064
1095	0.3591900079
1096	0.3591753388
1097	0.3591751812
1098	0.3591456431
1099	0.3591390946
1100	0.3591062918
1101	0.3590887608
1102	0.3590862058
1103	0.3590843736
1104	0.3590842382
1105	0.3590827708
1106	0.3590445641
1107	0.3590417682
1108	0.3590282484
1109	0.3590262634
1110	0.3590252519
1111	0.3590229772
1112	0.3590211531
1113	0.3590195462
1114	0.3589499476
1115	0.358948617
1116	0.3589131273
1117	0.3589104164
1118	0.3589043479
1119	0.3589042688
1120	0.3589018933
1121	0.3588671019
1122	0.3588329221
1123	0.3588165414
1124	0.3588040571
1125	0.3587882144
1126	0.3587383759
1127	0.3587373302
1128	0.3587359721
1129	0.3587340859
1130	0.3587094808
1131	0.3586998143
1132	0.358698269
1133	0.3586981118
1134	0.3586934627
1135	0.3586760245
1136	0.3586758155
1137	0.3586442611
1138	0.3586125969
1139	0.3586064205
1140	0.3585489945
1141	0.3585251723
1142	0.3585223364
1143	0.3585202603
1144	0.3584937545
1145	0.3584448718
1146	0.3584377799
1147	0.3584355652
1148	0.3583690605
1149	0.3583661617
1150	0.3583253386
1151	0.3583191623
1152	0.3583082637
1153	0.3583070027
1154	0.3583064247
1155	0.3582817038
1156	0.3582798691
1157	0.358255237
1158	0.358252609
1159	0.3582509772
1160	0.3582507184
1161	0.3582387227
1162	0.3582375384
1163	0.3582355953
1164	0.3582010057
1165	0.3581931782
1166	0.3581755436
1167	0.3581754321
1168	0.3581607517
1169	0.3581606553
1170	0.3581322012
1171	0.3581320691
1172	0.3581146402
1173	0.3580991602
1174	0.3580923029
1175	0.3580900725
1176	0.3580889629
1177	0.3580844987
1178	0.3580826312
1179	0.3580813608
1180	0.3580592566
1181	0.3580357735
1182	0.358034211
1183	0.3580292923
1184	0.3579791131
1185	0.3579709622
1186	0.3579308897
1187	0.3579293265
1188	0.3579273609
1189	0.3579256886
1190	0.3579223626
1191	0.357921052
1192	0.3579210375
1193	0.3578807473
1194	0.3578774453
1195	0.3578698307
1196	0.3578514269
1197	0.3578285756
1198	0.3578227514
1199	0.3578136876
1200	0.3578112281
1201	0.3577991642
1202	0.3577464154
1203	0.3577446622
1204	0.3577431538
1205	0.3577409032
1206	0.3577324179
1207	0.3577032408
1208	0.3577030449
1209	0.3576479129
1210	0.3576453013
1211	0.3576198239
1212	0.3575915493
1213	0.3575905187
1214	0.3575745451
1215	0.3575724432
1216	0.3575716015
1217	0.3575693571
1218	0.3575479616
1219	0.3575468029
1220	0.3575384134
1221	0.3575282679
1222	0.3575058598
1223	0.3575006304
1224	0.3574976882
1225	0.3574586693
1226	0.357414202
1227	0.3574122686
1228	0.3574121614
1229	0.3574042967
1230	0.3573814224
1231	0.3573812758
1232	0.3573791941
1233	0.3573772612
1234	0.3573755832
1235	0.3573754457
1236	0.3573652094
1237	0.3573645459
1238	0.3573570962
1239	0.3573568823
1240	0.3573346147
1241	0.3573335524
1242	0.3573323915
1243	0.3573306762
1244	0.3573288032
1245	0.3572710482
1246	0.3572310737
1247	0.3572175799
1248	0.3571988864
1249	0.3571968487
1250	0.3571742678
1251	0.3571465806
1252	0.3570826296
1253	0.3570587143
1254	0.3569979042
1255	0.3569961038
1256	0.3569614878
1257	0.3569435162
1258	0.3569256298
1259	0.3569236887
1260	0.35692166
1261	0.356905969
1262	0.3569051086
1263	0.3569005676
1264	0.3568705349
1265	0.3568686668
1266	0.3568681428
1267	0.3568665817
1268	0.3568653505
1269	0.3568513249
1270	0.3568496234
1271	0.3568251785
1272	0.356788347
1273	0.3567869724
1274	0.3567856794
1275	0.3567619816
1276	0.3567557279
1277	0.356742255
1278	0.3567211576
1279	0.3567209694
1280	0.3567189409
1281	0.3567168403
1282	0.356689302
1283	0.3566778291
1284	0.3566765953
1285	0.3566764845
1286	0.3566749089
1287	0.3566702086
1288	0.3566637424
1289	0.3566519412
1290	0.3565975289
1291	0.3565482449
1292	0.3565465528
1293	0.3565448892
1294	0.3565434395
1295	0.3565384752
1296	0.3565362733
1297	0.3564999141
1298	0.3564998273
1299	0.3564752123
1300	0.3564736058
1301	0.3564729947
1302	0.3564728831
1303	0.3564727683
1304	0.3564707443
1305	0.3564689696
1306	0.3564572682
1307	0.3564560366
1308	0.3564534201
1309	0.3564522012
1310	0.3564505504
1311	0.3564498034
1312	0.3564079151
1313	0.3563996984
1314	0.3563981082
1315	0.3563892869
1316	0.356363613
1317	0.356342795
1318	0.3563410342
1319	0.3563393635
1320	0.3563239737
1321	0.3563238502
1322	0.3562942144
1323	0.3562503141
1324	0.3561794736
1325	0.3561780225
1326	0.3561488681
1327	0.3561444008
1328	0.3560872655
1329	0.3560828003
1330	0.3560812928
1331	0.3560725899
1332	0.3560318664
1333	0.3559716906
1334	0.3559272975
1335	0.3559253687
1336	0.3559010715
1337	0.3559002189
1338	0.3558981527
1339	0.3558980678
1340	0.3558832986
1341	0.3558830966
1342	0.3558829422
1343	0.3558756973
1344	0.3558742627
1345	0.3558716572
1346	0.3558669014
1347	0.3558668542
1348	0.3558439011
1349	0.3558389209
1350	0.3558373232
1351	0.3558355032
1352	0.3558078128
1353	0.3558058347
1354	0.3557717213
1355	0.3557643899
1356	0.3557274448
1357	0.3557253171
1358	0.3557037947
1359	0.3557035717
1360	0.3556638842
1361	0.3556637101
1362	0.3556317338
1363	0.3555915533
1364	0.3555883754
1365	0.3555883009
1366	0.3555821269
1367	0.3555807824
1368	0.3555414426
1369	0.3555392231
1370	0.3555374996
1371	0.355527091
1372	0.3554625269
1373	0.355462285
1374	0.3554604704
1375	0.3554603218
1376	0.3554129705
1377	0.3554117611
1378	0.3554092766
1379	0.3554078559
1380	0.3554016873
1381	0.3553657792
1382	0.3553650122
1383	0.3553634128
1384	0.3553330215
1385	0.3553098253
1386	0.3552812132
1387	0.3552797502
1388	0.3552348271
1389	0.3551956998
1390	0.3551840684
1391	0.3551529321
1392	0.3551487877
1393	0.3551464007
1394	0.3551452252
1395	0.3551427131
1396	0.3551425345
1397	0.3551125437
1398	0.3551111162
1399	0.3551099855
1400	0.3550858653
1401	0.3550805329
1402	0.3550767143
1403	0.3550749925
1404	0.3550693729
1405	0.3550483821
1406	0.3550310389
1407	0.3550146573
1408	0.3550145945
1409	0.3550133496
1410	0.3549839216
1411	0.3549630158
1412	0.3549052919
1413	0.3549042524
1414	0.3548664338
1415	0.3548436984
1416	0.3548221861
1417	0.3547949003
1418	0.3547882542
1419	0.3547364481
1420	0.3547261076
1421	0.3547243092
1422	0.3547111947
1423	0.3546914006
1424	0.3546913167
1425	0.354689218
1426	0.3546452015
1427	0.3546302231
1428	0.3546301245
1429	0.3546296372
1430	0.3546281862
1431	0.3545939128
1432	0.3545922843
1433	0.3545849536
1434	0.3545806477
1435	0.3545292005
1436	0.3545224883
1437	0.3545020814
1438	0.354501109
1439	0.3544737398
1440	0.3544735811
1441	0.3544647236
1442	0.3544393844
1443	0.3544333302
1444	0.3544280604
1445	0.3544273081
1446	0.3544256712
1447	0.354423133
1448	0.3544182327
1449	0.3544170191
1450	0.3544097642
1451	0.3543971751
1452	0.3543908474
1453	0.3543879246
1454	0.3543835206
1455	0.3543823856
1456	0.3543822533
1457	0.3543633852
1458	0.3543622313
1459	0.3543536659
1460	0.3543342271
1461	0.3543257204
1462	0.3543251014
1463	0.3543161377
1464	0.3543076304
1465	0.3542868338
1466	0.3542853082
1467	0.3542844859
1468	0.3542543879
1469	0.354251931
1470	0.3542318925
1471	0.3542245261
1472	0.3542220307
1473	0.3542219639
1474	0.3542206493
1475	0.3542201162
1476	0.3542199784
1477	0.3542176298
1478	0.3542175478
1479	0.3541844565
1480	0.354182164
1481	0.3541780356
1482	0.3541671273
1483	0.3541656214
1484	0.3541655208
1485	0.3541581549
1486	0.3541580289
1487	0.3541412665
1488	0.3541330949
1489	0.3541319451
1490	0.3541272475
1491	0.3541027501
1492	0.3540972229
1493	0.3540957933
1494	0.3540893894
1495	0.354042698
1496	0.3540187124
1497	0.3540170779
1498	0.3540155569
1499	0.3540142756
1500	0.3539708817
1501	0.3539665861
1502	0.3539557745
1503	0.3539257477
1504	0.3539242854
1505	0.3539226214
1506	0.3538987843
1507	0.3538718973
1508	0.3538706612
1509	0.3538475125
1510	0.3538450863
1511	0.3538432471
1512	0.3538382897
1513	0.3538187143
1514	0.3537671894
1515	0.3537513631
1516	0.3537325733
1517	0.3537315481
1518	0.3537226433
1519	0.3537215823
1520	0.3536996628
1521	0.3536995437
1522	0.3536881122
1523	0.3536622759
1524	0.3536602813
1525	0.3536601422
1526	0.353658216
1527	0.3536563802
1528	0.3536347897
1529	0.3536262031
1530	0.3535963241
1531	0.3535962588
1532	0.3535694345
1533	0.3535467997
1534	0.3535411222
1535	0.3535410332
1536	0.3535392684
1537	0.3535011802
1538	0.3534980475
1539	0.3534961786
1540	0.3534943768
1541	0.3534851067
1542	0.3534810436
1543	0.3534793674
1544	0.3534524596
1545	0.3534296275
1546	0.3534099213
1547	0.3534027636
1548	0.3534011954
1549	0.3533702716
1550	0.353333864
1551	0.3533320683
1552	0.3533305665
1553	0.3533289713
1554	0.3533092949
1555	0.3533082912
1556	0.3533002191
1557	0.3532991301
1558	0.3532575898
1559	0.3532562592
1560	0.3532465548
1561	0.3532452089
1562	0.3532419943
1563	0.3532396929
1564	0.3532368688
1565	0.3532359268
1566	0.3532230953
1567	0.3532214344
1568	0.3531371214
1569	0.3531283999
1570	0.3531093523
1571	0.3531092032
1572	0.3531050458
1573	0.3530903514
1574	0.353069669
1575	0.3530472238
1576	0.3530404792
1577	0.3529959894
1578	0.352994783
1579	0.3529936041
1580	0.3529756385
1581	0.352974564
1582	0.352946946
1583	0.352946529
1584	0.3529448917
1585	0.3529231126
1586	0.3529130928
1587	0.352911725
1588	0.3528990043
1589	0.3528739971
1590	0.3528620441
1591	0.3528191851
1592	0.3528026737
1593	0.3527672694
1594	0.3527657218
1595	0.3527435228
1596	0.3527421293
1597	0.3527403267
1598	0.3526955253
1599	0.3526940207
1600	0.3526923534
1601	0.3526727152
1602	0.352628571
1603	0.3526206669
1604	0.3526194477
1605	0.35261935
1606	0.3526169998
1607	0.3526123208
1608	0.3526025874
1609	0.3526011743
1610	0.3525729987
1611	0.3525554615
1612	0.3525000911
1613	0.3524780363
1614	0.3524770348
1615	0.3524769543
1616	0.3524476544
1617	0.3524313232
1618	0.3524312164
1619	0.3524121154
1620	0.3524112053
1621	0.3524101045
1622	0.3524091261
1623	0.3523886273
1624	0.3523874188
1625	0.3523707599
1626	0.3523693003
1627	0.3523454902
1628	0.3523088673
1629	0.3523073565
1630	0.3522998356
1631	0.3522792671
1632	0.3522705901
1633	0.3522690718
1634	0.3522649399
1635	0.3522425314
1636	0.3522143662
1637	0.3522133233
1638	0.3522036186
1639	0.3521934217
1640	0.3521831323
1641	0.3521822648
1642	0.3521755282
1643	0.3521544316
1644	0.3521240674
1645	0.3521231977
1646	0.3521207652
1647	0.3521196803
1648	0.3521191376
1649	0.3521167472
1650	0.3521154878
1651	0.352115369
1652	0.3521029651
1653	0.3520953954
1654	0.3520914366
1655	0.3520288684
1656	0.3520059163
1657	0.3520044871
1658	0.3520044547
1659	0.3520042913
1660	0.3519981543
1661	0.351981807
1662	0.3519621469
1663	0.351937797
1664	0.3519353471
1665	0.3519293994
1666	0.3519213749
1667	0.3519212943
1668	0.3519211615
1669	0.3519199164
1670	0.3519182213
1671	0.3519169174
1672	0.3519163457
1673	0.3519148887
1674	0.3519133132
1675	0.3519133069
1676	0.3518761071
1677	0.3518739232
1678	0.3518691649
1679	0.3518407671
1680	0.3518384728
1681	0.3518369295
1682	0.3518299461
1683	0.3518276723
1684	0.3518204554
1685	0.351820416
1686	0.3518094627
1687	0.3518067121
1688	0.3518009683
1689	0.3517922486
1690	0.3517908481
1691	0.3517886024
1692	0.3517884986
1693	0.3517833532
1694	0.3517656931
1695	0.3517500861
1696	0.3517445739
1697	0.3517433288
1698	0.3517238959
1699	0.3517190079
1700	0.35166845
1701	0.3516580594
1702	0.3516525763
1703	0.3516295114
1704	0.3516280825
1705	0.3516279108
1706	0.3516085067
1707	0.351604532
1708	0.3515270157
1709	0.351523416
1710	0.3515192537
1711	0.3515113607
1712	0.3515059587
1713	0.3514963708
1714	0.351494675
1715	0.3514928946
1716	0.351460306
1717	0.3514510248
1718	0.3514364717
1719	0.3514151661
1720	0.3514019091
1721	0.3514006501
1722	0.3513990737
1723	0.3513751367
1724	0.351330428
1725	0.3513282169
1726	0.3513271698
1727	0.3512940369
1728	0.3512642505
1729	0.3512638416
1730	0.3512077107
1731	0.3512047263
1732	0.351204587
1733	0.3512035144
1734	0.3512012082
1735	0.3511870375
1736	0.3511868446
1737	0.351180872
1738	0.3511807264
1739	0.35116296
1740	0.351139812
1741	0.3511388369
1742	0.3511270173
1743	0.3511248558
1744	0.3511183502
1745	0.3511170814
1746	0.3511170852
1747	0.351115893
1748	0.351092863
1749	0.3510914477
1750	0.3510892275
1751	0.3510879145
1752	0.3510754312
1753	0.351041048
1754	0.351039075
1755	0.3510371313
1756	0.3510091448
1757	0.3509683522
1758	0.3509536305
1759	0.3509534128
1760	0.3509522126
1761	0.3509453765
1762	0.3509191298
1763	0.3509059586
1764	0.3508806091
1765	0.3508805116
1766	0.3508762472
1767	0.350863199
1768	0.350862586
1769	0.3508624555
1770	0.350862349
1771	0.3508316493
1772	0.3507923425
1773	0.3507922648
1774	0.3507903605
1775	0.3507549706
1776	0.350753575
1777	0.3507518803
1778	0.3507512227
1779	0.3507104825
1780	0.3506772612
1781	0.3506741127
1782	0.3506726863
1783	0.3506698092
1784	0.3506598361
1785	0.3506247737
1786	0.35062397
1787	0.3505793955
1788	0.3505761675
1789	0.3505748836
1790	0.3505468476
1791	0.3505363196
1792	0.3505310436
1793	0.350526769
1794	0.3504979084
1795	0.3504968533
1796	0.3504967004
1797	0.3504951799
1798	0.3504942195
1799	0.3504645771
1800	0.3504633885
1801	0.3504316673
1802	0.3504237569
1803	0.3503958786
1804	0.350395758
1805	0.3503943834
1806	0.3503910427
1807	0.35038297
1808	0.3503728123
1809	0.3503629438
1810	0.3503135152
1811	0.35031167
1812	0.3502907969
1813	0.350288743
1814	0.3502505834
1815	0.3502476949
1816	0.350195798
1817	0.3501947498
1818	0.3501932201
1819	0.3501917611
1820	0.3501905918
1821	0.3501840871
1822	0.350181664
1823	0.3501263639
1824	0.3501103294
1825	0.3501016547
1826	0.3500790275
1827	0.350051152
1828	0.3500501686
1829	0.3500495107
1830	0.3500460193
1831	0.3500324015
1832	0.3500286612
1833	0.3500274496
1834	0.3500262379
1835	0.350024748
1836	0.350024447
1837	0.3500226448
1838	0.3499974936
1839	0.3499926368
1840	0.3499413019
1841	0.3499318367
1842	0.3499024433
1843	0.3498941216
1844	0.3498913724
1845	0.3498900505
1846	0.3498873807
1847	0.3498831957
1848	0.3498818357
1849	0.3498546124
1850	0.3498511252
1851	0.3498461833
1852	0.3498245076
1853	0.3498243728
1854	0.3498088873
1855	0.3498040711
1856	0.3497966316
1857	0.3497914751
1858	0.3497591765
1859	0.3497585381
1860	0.3497561511
1861	0.349748336
1862	0.3497475139
1863	0.3497266677
1864	0.3496857843
1865	0.3496843936
1866	0.3496840182
1867	0.3496686453
1868	0.3496672324
1869	0.349665268
1870	0.3496323793
1871	0.349632287
1872	0.349612524
1873	0.3495739668
1874	0.3495526744
1875	0.349552079
1876	0.3495486539
1877	0.3495485588
1878	0.3495046487
1879	0.3494749524
1880	0.3494638576
1881	0.3494577313
1882	0.3494400927
1883	0.3494244485
1884	0.3494147612
1885	0.3494024797
1886	0.3493955426
1887	0.3493886599
1888	0.3493869806
1889	0.3493864308
1890	0.3493544341
1891	0.3493325857
1892	0.3493227935
1893	0.3493227028
1894	0.3493182013
1895	0.3493181217
1896	0.3493029947
1897	0.349301362
1898	0.3492949561
1899	0.3492656003
1900	0.3492593456
1901	0.349258689
1902	0.3492538355
1903	0.3492274527
1904	0.3491978002
1905	0.3491966976
1906	0.3491729298
1907	0.3491569899
1908	0.3491557843
1909	0.3491542374
1910	0.3491299263
1911	0.3491107537
1912	0.3491095212
1913	0.3490860521
1914	0.3490767927
1915	0.3490760702
1916	0.3490746941
1917	0.34904516
1918	0.3490434534
1919	0.3490426662
1920	0.3490417
1921	0.3490348347
1922	0.3490291584
1923	0.3490239895
1924	0.3490223417
1925	0.3490201508
1926	0.3490032178
1927	0.3490000259
1928	0.3489980686
1929	0.3489962426
1930	0.3489948691
1931	0.3489943823
1932	0.3489689523
1933	0.3489688376
1934	0.3489661562
1935	0.3489646363
1936	0.3489383819
1937	0.3489111242
1938	0.3489037286
1939	0.3488991448
1940	0.3488752783
1941	0.3488739228
1942	0.3488663125
1943	0.3488117101
1944	0.3487852887
1945	0.348752135
1946	0.348726243
1947	0.3487233152
1948	0.3487153481
1949	0.3487152639
1950	0.34871027
1951	0.3487030882
1952	0.3486977187
1953	0.3486943812
1954	0.3486903156
1955	0.3486877854
1956	0.3486870056
1957	0.3486588887
1958	0.348657276
1959	0.3486562219
1960	0.3486555173
1961	0.3486484651
1962	0.3486379753
1963	0.3486290772
1964	0.3486229728
1965	0.3486224219
1966	0.348599654
1967	0.3485696139
1968	0.3485335749
1969	0.348532566
1970	0.3484820045
1971	0.3484607127
1972	0.3484561515
1973	0.3484520172
1974	0.3484207772
1975	0.3484203597
1976	0.3484012778
1977	0.3483994447
1978	0.3483902937
1979	0.3483900975
1980	0.348366463
1981	0.348364773
1982	0.3483645963
1983	0.3483610299
1984	0.3483598632
1985	0.3483380055
1986	0.3483068407
1987	0.3483068084
1988	0.3482892815
1989	0.3482794322
1990	0.3482779488
1991	0.348276274
1992	0.3482656169
1993	0.3482637649
1994	0.348262049
1995	0.3482263136
1996	0.3482235416
1997	0.3482225305
1998	0.3481621854
1999	0.3481553245
2000	0.3481546989
2001	0.348118286
2002	0.3480972274
2003	0.3480931667
2004	0.3480930197
2005	0.3480928846
2006	0.3480925833
2007	0.3480686272
2008	0.3480666843
2009	0.3480655653
2010	0.3480605907
2011	0.3480257576
2012	0.3480088043
2013	0.3479911925
2014	0.3479861556
2015	0.347966821
2016	0.3479638255
2017	0.3479626764
2018	0.3479621656
2019	0.3479617608
2020	0.3479512536
2021	0.3479455638
2022	0.3479454283
2023	0.347928038
2024	0.3479248569
2025	0.3479110833
2026	0.347880004
2027	0.3478725113
2028	0.3478711711
2029	0.3478711022
2030	0.3478705565
2031	0.3478675731
2032	0.3478674491
2033	0.3478641512
2034	0.3478625219
2035	0.3478407367
2036	0.3478394017
2037	0.3478211075
2038	0.34780058
2039	0.3477480523
2040	0.3477422186
2041	0.3477351071
2042	0.3477310696
2043	0.3476947856
2044	0.3476940204
2045	0.3476938997
2046	0.34769186
2047	0.3476918033
2048	0.3476905137
2049	0.3476837806
2050	0.3476752147
2051	0.3476732627
2052	0.3476676413
2053	0.3476571111
2054	0.3476303751
2055	0.3476251983
2056	0.3475616485
2057	0.3475606167
2058	0.347551117
2059	0.3475264155
2060	0.3475251652
2061	0.3475157027
2062	0.3474975528
2063	0.3474962032
2064	0.3474945489
2065	0.3474934615
2066	0.3474600397
2067	0.3474571394
2068	0.3474536505
2069	0.3474526937
2070	0.347449889
2071	0.3474487105
2072	0.3474386019
2073	0.3474354737
2074	0.347411867
2075	0.3474105045
2076	0.347399607
2077	0.3473895556
2078	0.3473839962
2079	0.3473732352
2080	0.347371831
2081	0.3473478018
2082	0.3473477487
2083	0.3473459373
2084	0.3473453347
2085	0.347343631
2086	0.3473394132
2087	0.3473140933
2088	0.3472987629
2089	0.3472788429
2090	0.3472711022
2091	0.3472550135
2092	0.3472297828
2093	0.3472242044
2094	0.3472138889
2095	0.347212314
2096	0.3472070501
2097	0.347196155
2098	0.3471840279
2099	0.3471827488
2100	0.347181652
2101	0.3471805604
2102	0.3471781024
2103	0.3471415387
2104	0.3471269438
2105	0.3471129367
2106	0.3470582246
2107	0.3470524355
2108	0.3470520074
2109	0.3470446923
2110	0.3470212769
2111	0.3470025145
2112	0.3469820328
2113	0.346959289
2114	0.3469591777
2115	0.3469438962
2116	0.3468890594
2117	0.3468876975
2118	0.3468840746
2119	0.3468840732
2120	0.3468825586
2121	0.3468591402
2122	0.34685904
2123	0.3468490247
2124	0.3468475183
2125	0.3468131775
2126	0.3467838565
2127	0.3467728566
2128	0.3467489084
2129	0.3467476773
2130	0.3467298382
2131	0.3467280835
2132	0.3467108671
2133	0.3466646007
2134	0.3466589164
2135	0.3466572585
2136	0.3466431897
2137	0.3466269
2138	0.3466263417
2139	0.3466228649
2140	0.3466219458
2141	0.3465951782
2142	0.3465950322
2143	0.3465934185
2144	0.3465907945
2145	0.3465828401
2146	0.3465739656
2147	0.3465738434
2148	0.3465733982
2149	0.3465732696
2150	0.3465495592
2151	0.3465344574
2152	0.3465249333
2153	0.3465192921
2154	0.346500153
2155	0.3464817517
2156	0.3464611365
2157	0.3464444813
2158	0.3464286679
2159	0.3463946271
2160	0.3463928684
2161	0.3463878843
2162	0.3463791843
2163	0.3463780953
2164	0.3463679787
2165	0.3463634134
2166	0.3463276308
2167	0.3462773069
2168	0.3462728111
2169	0.3462621245
2170	0.3462336794
2171	0.3462217627
2172	0.3462192897
2173	0.3462187232
2174	0.3462117437
2175	0.3462102814
2176	0.3461934112
2177	0.3461782997
2178	0.3461758631
2179	0.3461758296
2180	0.346174859
2181	0.3461538092
2182	0.346150434
2183	0.3461490017
2184	0.3461476302
2185	0.3461463061
2186	0.3461448453
2187	0.3461435366
2188	0.3460776025
2189	0.3460695805
2190	0.3460407497
2191	0.3460348193
2192	0.3460016269
2193	0.3459706034
2194	0.3459443127
2195	0.3459432487
2196	0.3459129417
2197	0.3459092334
2198	0.3458880743
2199	0.3458879644
2200	0.3458807971
2201	0.3458741813
2202	0.3458340633
2203	0.3457984877
2204	0.3457936421
2205	0.3457932402
2206	0.3457861926
2207	0.3457840566
2208	0.3457754823
2209	0.3457680426
2210	0.3457473171
2211	0.3457463263
2212	0.345741746
2213	0.3457315805
2214	0.3457196518
2215	0.3457189978
2216	0.3456905163
2217	0.3456850189
2218	0.3456517049
2219	0.345649546
2220	0.3456397924
2221	0.3456393649
2222	0.3456392902
2223	0.345631827
2224	0.3455878879
2225	0.3455846502
2226	0.3455714927
2227	0.3455706766
2228	0.3455670625
2229	0.3455240868
2230	0.3455186298
2231	0.3455041355
2232	0.3454869176
2233	0.3454584269
2234	0.3454570367
2235	0.3454569971
2236	0.3454125929
2237	0.3454111301
2238	0.3453814421
2239	0.3453798185
2240	0.3453780305
2241	0.345376938
2242	0.3453734729
2243	0.34536921
2244	0.3453691611
2245	0.3453674593
2246	0.3453335425
2247	0.3453313855
2248	0.3453113891
2249	0.3453106459
2250	0.3453081119
2251	0.3453072502
2252	0.3453026578
2253	0.3452998244
2254	0.345231993
2255	0.3452307331
2256	0.3452303459
2257	0.3452302345
2258	0.3452301724
2259	0.3451966855
2260	0.3451906215
2261	0.34519052
2262	0.3451891464
2263	0.3451477717
2264	0.3451169634
2265	0.3451168607
2266	0.3451001586
2267	0.3450836783
2268	0.3450590848
2269	0.3450575504
2270	0.3450516745
2271	0.3450220315
2272	0.3449720476
2273	0.3449595391
2274	0.3449594359
2275	0.3449581007
2276	0.3449567236
2277	0.3449562017
2278	0.3449559896
2279	0.3449544248
2280	0.3449533215
2281	0.3449501332
2282	0.3449402055
2283	0.3449179108
2284	0.3449159106
2285	0.3449091859
2286	0.3448845873
2287	0.344852023
2288	0.3448510849
2289	0.3448500514
2290	0.3448473173
2291	0.3448409532
2292	0.3448383187
2293	0.3448187539
2294	0.3448163216
2295	0.3448084106
2296	0.344801459
2297	0.3448003322
2298	0.3448002127
2299	0.3447970039
2300	0.3447952853
2301	0.3447874256
2302	0.3447855119
2303	0.3447841766
2304	0.3447661106
2305	0.3447638525
2306	0.3447628077
2307	0.3447617007
2308	0.3447591365
2309	0.3447276774
2310	0.3447182679
2311	0.3447169987
2312	0.3447130206
2313	0.3447089232
2314	0.344707819
2315	0.3447062668
2316	0.3447049727
2317	0.344703579
2318	0.3446934411
2319	0.3446921991
2320	0.3446755561
2321	0.3446615481
2322	0.3446506955
2323	0.344626927
2324	0.3446243149
2325	0.3446224588
2326	0.3446196176
2327	0.3446187166
2328	0.3446174164
2329	0.3446173147
2330	0.3446163448
2331	0.3446143222
2332	0.3446121712
2333	0.3446067602
2334	0.3445939535
2335	0.3445849084
2336	0.3445819533
2337	0.3445804812
2338	0.3445656669
2339	0.3445606219
2340	0.3445605347
2341	0.3445285027
2342	0.3444978723
2343	0.3444960788
2344	0.3444803926
2345	0.3444789897
2346	0.3444436614
2347	0.344431946
2348	0.3444078937
2349	0.3444021828
2350	0.344400731
2351	0.34439888
2352	0.3443715272
2353	0.3443650527
2354	0.344340264
2355	0.3443358858
2356	0.3443331943
2357	0.3443319073
2358	0.3443303351
2359	0.3443290937
2360	0.3443011568
2361	0.3443002521
2362	0.3442935816
2363	0.3442825714
2364	0.3442753131
2365	0.344251836
2366	0.3442506086
2367	0.3442490182
2368	0.3442484986
2369	0.3442385798
2370	0.3442377521
2371	0.3442364673
2372	0.344235833
2373	0.3442338321
2374	0.3442324478
2375	0.3442051941
2376	0.3441851813
2377	0.3441847235
2378	0.3441832635
2379	0.3441806063
2380	0.344180525
2381	0.3441779726
2382	0.3441683921
2383	0.3441608541
2384	0.3441603285
2385	0.3441435735
2386	0.3441306151
2387	0.3441006689
2388	0.3441005448
2389	0.3440919383
2390	0.3440905973
2391	0.3440873644
2392	0.3440684162
2393	0.3440671306
2394	0.344060814
2395	0.3440295563
2396	0.3439995513
2397	0.3439974912
2398	0.3439960629
2399	0.3439952034
2400	0.3439915418
2401	0.3439701617
2402	0.3439685232
2403	0.3439660096
2404	0.3439337282
2405	0.3439320045
2406	0.3439305584
2407	0.3439026421
2408	0.3439015414
2409	0.3438973318
2410	0.3438957812
2411	0.3438950219
2412	0.3438949589
2413	0.343893663
2414	0.3438623523
2415	0.3438595675
2416	0.3438592759
2417	0.3438582931
2418	0.3438112402
2419	0.3438075073
2420	0.3438073168
2421	0.3437591223
2422	0.3437540629
2423	0.3437310609
2424	0.3437284363
2425	0.3437275446
2426	0.3436739078
2427	0.3436601095
2428	0.3436593771
2429	0.3436587118
2430	0.343658505
2431	0.3436581489
2432	0.3436568306
2433	0.3436422951
2434	0.343606627
2435	0.3436006427
2436	0.3435915613
2437	0.3435668063
2438	0.3435648245
2439	0.3435463008
2440	0.3435200983
2441	0.3434975295
2442	0.3434851175
2443	0.3434795977
2444	0.3434774998
2445	0.3434675827
2446	0.3434409168
2447	0.3434144623
2448	0.3433871112
2449	0.3433859635
2450	0.343384707
2451	0.3433829344
2452	0.3433810417
2453	0.3433751987
2454	0.3433751089
2455	0.3433598526
2456	0.3433589498
2457	0.3433429807
2458	0.3433394624
2459	0.3433335609
2460	0.3433328062
2461	0.3433237131
2462	0.3433234198
2463	0.3433106385
2464	0.3433091931
2465	0.3433082368
2466	0.3433059254
2467	0.343305898
2468	0.3432859897
2469	0.3432821035
2470	0.3432820311
2471	0.3432805468
2472	0.3432789021
2473	0.3432761393
2474	0.3432589657
2475	0.3432547751
2476	0.3432544214
2477	0.3432373831
2478	0.3432355827
2479	0.3432336064
2480	0.3432042144
2481	0.3432040236
2482	0.3432031121
2483	0.3431856369
2484	0.3431801044
2485	0.3431781912
2486	0.3431709613
2487	0.3431691364
2488	0.3431637483
2489	0.3431520865
2490	0.3431519692
2491	0.3430953308
2492	0.3430937872
2493	0.3430937478
2494	0.3430911169
2495	0.3430862459
2496	0.3430724182
2497	0.3430636725
2498	0.3430626632
2499	0.3430507119
2500	0.3430498616
2501	0.3430477244
2502	0.343026306
2503	0.3430221065
2504	0.343005028
2505	0.3430019548
2506	0.3429997851
2507	0.3429881774
2508	0.342986896
2509	0.3429862395
2510	0.3429780578
2511	0.3429773777
2512	0.3429759237
2513	0.3429730452
2514	0.3429372002
2515	0.3429070223
2516	0.3429014191
2517	0.3429000962
2518	0.3428997419
2519	0.342895763
2520	0.3428945602
2521	0.3428656645
2522	0.3428387911
2523	0.3428099366
2524	0.3427946792
2525	0.3427743667
2526	0.342770579
2527	0.342763119
2528	0.3427620155
2529	0.3427532326
2530	0.342750344
2531	0.3427263484
2532	0.3427262917
2533	0.342723655
2534	0.3426835787
2535	0.3426801005
2536	0.3426737436
2537	0.3426377405
2538	0.3426364802
2539	0.3426342289
2540	0.3426302744
2541	0.3426301742
2542	0.3426301167
2543	0.3426281522
2544	0.3426264944
2545	0.3426261116
2546	0.3426259951
2547	0.3426055327
2548	0.3425973247
2549	0.3425959545
2550	0.3425917998
2551	0.342590861
2552	0.3425379432
2553	0.3425065226
2554	0.3425029687
2555	0.3425021707
2556	0.3424894283
2557	0.3424879598
2558	0.3424846911
2559	0.3424558783
2560	0.3424467015
2561	0.3424406033
2562	0.3424393822
2563	0.3424364317
2564	0.3424362181
2565	0.34243264
2566	0.3423965171
2567	0.3423949984
2568	0.3423928555
2569	0.3423927289
2570	0.3423918362
2571	0.3423901114
2572	0.3423592991
2573	0.3423554244
2574	0.3423527641
2575	0.3423526443
2576	0.3423449838
2577	0.342343829
2578	0.34228241
2579	0.3422798272
2580	0.3422777584
2581	0.3422766513
2582	0.3422766396
2583	0.3422756083
2584	0.3422736989
2585	0.3422726179
2586	0.3422302773
2587	0.3422167486
2588	0.3422052256
2589	0.3421990747
2590	0.3421986793
2591	0.3421855012
2592	0.3421549702
2593	0.3421548583
2594	0.3421402042
2595	0.3421176458
2596	0.3421156387
2597	0.3420799873
2598	0.3420792005
2599	0.3420778215
2600	0.3420348586
2601	0.34203486
2602	0.3420290085
2603	0.3420271827
2604	0.3420129593
2605	0.3420115598
2606	0.3420052829
2607	0.3419953773
2608	0.3419952675
2609	0.3419951234
2610	0.3419950786
2611	0.3419908328
2612	0.341990051
2613	0.3419805094
2614	0.3419797457
2615	0.3419728301
2616	0.341947666
2617	0.3419441952
2618	0.3419429732
2619	0.3419428757
2620	0.341922188
2621	0.3419194092
2622	0.341916611
2623	0.3419146979
2624	0.3419101651
2625	0.3419090896
2626	0.3419075707
2627	0.3418949033
2628	0.3418871364
2629	0.341886018
2630	0.3418645511
2631	0.3418642726
2632	0.341857782
2633	0.3418389028
2634	0.3418364073
2635	0.3418342359
2636	0.3418017607
2637	0.3417991108
2638	0.3417976092
2639	0.3417976251
2640	0.3417733814
2641	0.3417570947
2642	0.3416998995
2643	0.3416958624
2644	0.3416702552
2645	0.341650292
2646	0.3416406323
2647	0.3416403561
2648	0.341640296
2649	0.3416387872
2650	0.3416359167
2651	0.3416340662
2652	0.3416329514
2653	0.3416314993
2654	0.3416309262
2655	0.3416284305
2656	0.3416270478
2657	0.3416245889
2658	0.3416233531
2659	0.3416182648
2660	0.3415944409
2661	0.3415886396
2662	0.3415885491
2663	0.3415447614
2664	0.3415076417
2665	0.341503585
2666	0.3415006814
2667	0.3414985531
2668	0.3414849721
2669	0.3414833533
2670	0.341481941
2671	0.3414766207
2672	0.3414757194
2673	0.3414563064
2674	0.3414463705
2675	0.3414443709
2676	0.3414412805
2677	0.3414407256
2678	0.3414400144
2679	0.3414399926
2680	0.3414375397
2681	0.3414369118
2682	0.3414360252
2683	0.3414118018
2684	0.3414093724
2685	0.3413949177
2686	0.341394801
2687	0.3413734
2688	0.3413722289
2689	0.3413693442
2690	0.3413607258
2691	0.3413585705
2692	0.3413333191
2693	0.341332183
2694	0.3413274521
2695	0.3413149634
2696	0.341313565
2697	0.3413092805
2698	0.3412963342
2699	0.3412951373
2700	0.3412503251
2701	0.3412440175
2702	0.3412187176
2703	0.3411851133
2704	0.341184439
2705	0.3411835191
2706	0.3411594875
2707	0.3411386216
2708	0.3411154942
2709	0.3411114262
2710	0.3411105225
2711	0.3410728055
2712	0.3410648885
2713	0.341049303
2714	0.3410453995
2715	0.3410369588
2716	0.3410357321
2717	0.3410350362
2718	0.3410247394
2719	0.3410238892
2720	0.3410071981
2721	0.3409852121
2722	0.3409842925
2723	0.3409631741
2724	0.3409625587
2725	0.340962476
2726	0.3409365883
2727	0.3409353115
2728	0.3409213898
2729	0.3409184493
2730	0.3408896428
2731	0.3408877224
2732	0.3408631044
2733	0.3408477641
2734	0.3408161322
2735	0.3408074261
2736	0.3408032989
2737	0.3407957881
2738	0.3407925345
2739	0.3407676587
2740	0.3407669676
2741	0.3407229506
2742	0.3406880585
2743	0.3406880538
2744	0.3406870509
2745	0.3406604764
2746	0.3406495281
2747	0.3406488113
2748	0.3406317355
2749	0.3406297887
2750	0.3406260319
2751	0.3406259251
2752	0.3406087449
2753	0.3405740566
2754	0.340570056
2755	0.34052255
2756	0.3405115744
2757	0.3404974371
2758	0.340496803
2759	0.3404770508
2760	0.3404759707
2761	0.3404496034
2762	0.3404487326
2763	0.3404486414
2764	0.340448608
2765	0.3404463639
2766	0.3404441975
2767	0.3404436124
2768	0.3404301585
2769	0.3404274564
2770	0.3404260952
2771	0.340416663
2772	0.3404160451
2773	0.3404146011
2774	0.3404134586
2775	0.3404114789
2776	0.3404113664
2777	0.3404104756
2778	0.3403935536
2779	0.34039331
2780	0.3403930929
2781	0.3403547848
2782	0.3403546315
2783	0.3403531249
2784	0.3403515888
2785	0.3403364336
2786	0.3403361423
2787	0.3403357482
2788	0.3403340938
2789	0.340311785
2790	0.3403105439
2791	0.34030994
2792	0.3403096449
2793	0.3403088488
2794	0.340306969
2795	0.3402930715
2796	0.3402789523
2797	0.3402761347
2798	0.3402359738
2799	0.3402350107
2800	0.3402153065
2801	0.3402152201
2802	0.3402074574
2803	0.3402067623
2804	0.3401875208
2805	0.3401872616
2806	0.340173172
2807	0.340157944
2808	0.3401567985
2809	0.3401534106
2810	0.3401515032
2811	0.340145805
2812	0.3401171081
2813	0.3401145037
2814	0.3400842289
2815	0.340078311
2816	0.3400781299
2817	0.3400655746
2818	0.3400566549
2819	0.3400390292
2820	0.3400371099
2821	0.3399754045
2822	0.3399463284
2823	0.3399450604
2824	0.3399440172
2825	0.339940555
2826	0.3399396075
2827	0.3399356163
2828	0.3399325668
2829	0.339931851
2830	0.339924632
2831	0.3399246414
2832	0.3399054843
2833	0.339903514
2834	0.3399027974
2835	0.3398633277
2836	0.3398367873
2837	0.3398233755
2838	0.3397891765
2839	0.3397883996
2840	0.3397840667
2841	0.3397689358
2842	0.3397533228
2843	0.3397519126
2844	0.3397444789
2845	0.3397304394
2846	0.3397192413
2847	0.3397176203
2848	0.3397090818
2849	0.3396837053
2850	0.33966485
2851	0.3396610198
2852	0.3396599469
2853	0.3396591746
2854	0.3396528153
2855	0.3396513211
2856	0.3396508407
2857	0.3396270037
2858	0.3395919553
2859	0.3395903783
2860	0.3395768044
2861	0.3395546179
2862	0.3395545177
2863	0.3395023008
2864	0.3394966284
2865	0.3394904598
2866	0.3394715875
2867	0.33947145
2868	0.3394629494
2869	0.3394439088
2870	0.3394276163
2871	0.3394173319
2872	0.3394164757
2873	0.3394017877
2874	0.3393980045
2875	0.3393964637
2876	0.3393851076
2877	0.3393823591
2878	0.3393652138
2879	0.3393398026
2880	0.3393396683
2881	0.3393361561
2882	0.3393339968
2883	0.3393309207
2884	0.3393025317
2885	0.33930052
2886	0.3392993686
2887	0.3392743946
2888	0.3392616751
2889	0.3392601578
2890	0.3392495716
2891	0.3392334435
2892	0.339229035
2893	0.339213269
2894	0.339179094
2895	0.3391749111
2896	0.3391623625
2897	0.3391615609
2898	0.3391604687
2899	0.3391484931
2900	0.3391417503
2901	0.3391395458
2902	0.3391107454
2903	0.339097838
2904	0.3390972389
2905	0.339065988
2906	0.3390643794
2907	0.3390634802
2908	0.3390433682
2909	0.3390396705
2910	0.3389984313
2911	0.3389809568
2912	0.3389628687
2913	0.3389528106
2914	0.338919294
2915	0.3389047349
2916	0.3388698821
2917	0.3388460792
2918	0.3388436042
2919	0.3388426529
2920	0.3388398059
2921	0.3388397365
2922	0.3388396882
2923	0.3388331957
2924	0.3388321285
2925	0.3388305965
2926	0.3388305961
2927	0.338827714
2928	0.3388261535
2929	0.3388109072
2930	0.3387991445
2931	0.3387868122
2932	0.3387775452
2933	0.3387701469
2934	0.3387385627
2935	0.3386991194
2936	0.3386966901
2937	0.3386946338
2938	0.3386903244
2939	0.338679804
2940	0.3386751436
2941	0.3386429051
2942	0.3386175492
2943	0.3386168941
2944	0.3386153211
2945	0.3386150907
2946	0.3386092948
2947	0.3386073561
2948	0.3386067385
2949	0.3386044473
2950	0.3385794546
2951	0.3385412343
2952	0.3385176267
2953	0.3385151168
2954	0.3385128996
2955	0.3385124428
2956	0.338508095
2957	0.3385080237
2958	0.3385056621
2959	0.3385039191
2960	0.3384928109
2961	0.3384924008
2962	0.3384905779
2963	0.3384886134
2964	0.3384615071
2965	0.3384606183
2966	0.338436943
2967	0.3384359191
2968	0.3384103658
2969	0.3384088251
2970	0.3384079874
2971	0.338406592
2972	0.3383857971
2973	0.338357002
2974	0.3383570134
2975	0.3383514231
2976	0.3383507911
2977	0.3383496228
2978	0.338343966
2979	0.3383436663
2980	0.3383142934
2981	0.3383131895
2982	0.3383001415
2983	0.3382548087
2984	0.3382535931
2985	0.3382512984
2986	0.3382461259
2987	0.3382327407
2988	0.3382314378
2989	0.3382203636
2990	0.3382057971
2991	0.3382014569
2992	0.3381845999
2993	0.3381664114
2994	0.3381378925
2995	0.3381378733
2996	0.3381123029
2997	0.3381090918
2998	0.3381089341
2999	0.3381077672
3000	0.3381072786
3001	0.3380830671
3002	0.3380674593
3003	0.3380663948
3004	0.338039966
3005	0.3380350743
3006	0.3380270618
3007	0.3380087176
3008	0.3379920598
3009	0.337991868
3010	0.3379534718
3011	0.3379236053
3012	0.3379225113
3013	0.3379193345
3014	0.3379106858
3015	0.3378774752
3016	0.337855561
3017	0.3378543996
3018	0.3378509982
3019	0.3378414877
3020	0.3378271483
3021	0.337826873
3022	0.3378267948
3023	0.3378187631
3024	0.337815156
3025	0.3378103387
3026	0.3378103136
3027	0.3378055492
3028	0.337799216
3029	0.3377712021
3030	0.3377700758
3031	0.3377690213
3032	0.33773698
3033	0.3377357059
3034	0.3377244512
3035	0.3376975313
3036	0.3376727539
3037	0.3376715198
3038	0.3376694023
3039	0.3376370222
3040	0.3376347863
3041	0.3376332745
3042	0.3376081455
3043	0.3376068584
3044	0.3376068236
3045	0.3375830244
3046	0.3375790004
3047	0.3375610844
3048	0.3375465973
3049	0.3375457497
3050	0.3375449402
3051	0.3375404514
3052	0.3375382252
3053	0.337532591
3054	0.3375139
3055	0.3375129881
3056	0.3375124175
3057	0.3375122834
3058	0.3375110243
3059	0.3375098987
3060	0.3375094565
3061	0.3374809721
3062	0.3374564534
3063	0.3374544056
3064	0.3374543404
3065	0.3374310855
3066	0.3373749249
3067	0.3373742188
3068	0.3373574604
3069	0.3373570242
3070	0.3373506206
3071	0.337332123
3072	0.3372948084
3073	0.3372683866
3074	0.3372574245
3075	0.3372403844
3076	0.3372397799
3077	0.3372382941
3078	0.3372181579
3079	0.3372174128
3080	0.3372149094
3081	0.3371971854
3082	0.3371970545
3083	0.3371918212
3084	0.3371593466
3085	0.337158713
3086	0.3371564347
3087	0.3371548901
3088	0.337154149
3089	0.3371522959
3090	0.3371474826
3091	0.3371235148
3092	0.3371220946
3093	0.3371213133
3094	0.3371206951
3095	0.3371013015
3096	0.3370743039
3097	0.3370733114
3098	0.3370636176
3099	0.3370596608
3100	0.3370570245
3101	0.3370569331
3102	0.3370562818
3103	0.3370552023
3104	0.3370520297
3105	0.3370370053
3106	0.3370142437
3107	0.3370103635
3108	0.3369787666
3109	0.3369787134
3110	0.33696791
3111	0.3369629617
3112	0.3369624028
3113	0.3369357125
3114	0.3369356734
3115	0.3369295958
3116	0.3369211687
3117	0.3369186969
3118	0.3369006931
3119	0.3368972309
3120	0.3368970601
3121	0.3368957948
3122	0.3368947437
3123	0.3368937053
3124	0.336893109
3125	0.3368912339
3126	0.3368785019
3127	0.3368723417
3128	0.3368714305
3129	0.3368174748
3130	0.3368165308
3131	0.336813773
3132	0.3368132339
3133	0.3368121633
3134	0.3367854816
3135	0.3367841604
3136	0.3367828617
3137	0.3367796246
3138	0.3367787154
3139	0.3367624868
3140	0.336749798
3141	0.3367487494
3142	0.336747639
3143	0.3367291509
3144	0.3367277679
3145	0.3367275252
3146	0.3367193492
3147	0.3367078771
3148	0.3366963202
3149	0.3366953707
3150	0.3366946089
3151	0.3366870319
3152	0.3366864104
3153	0.3366777476
3154	0.3366531457
3155	0.336650532
3156	0.3366257474
3157	0.3366144275
3158	0.3366109125
3159	0.3366100705
3160	0.336609473
3161	0.3366092316
3162	0.3366081367
3163	0.3365992137
3164	0.3365982415
3165	0.3365600529
3166	0.3365468382
3167	0.33652203
3168	0.3365219299
3169	0.3365128193
3170	0.3365038334
3171	0.3365008313
3172	0.3364761356
3173	0.3364639353
3174	0.3364487003
3175	0.3364477
3176	0.3364442742
3177	0.3364309939
3178	0.3364128758
3179	0.3363663039
3180	0.3363570242
3181	0.33633519
3182	0.3363348799
3183	0.3363345916
3184	0.3363311553
3185	0.3363229397
3186	0.3363005414
3187	0.3362980392
3188	0.3362746963
3189	0.3362738897
3190	0.3362726543
3191	0.3362717033
3192	0.3362708194
3193	0.3362690143
3194	0.3362672415
3195	0.3362399193
3196	0.3362392478
3197	0.3362385369
3198	0.3362343546
3199	0.3362333681
3200	0.3362322316
3201	0.3362264983
3202	0.3362264274
3203	0.3362031338
3204	0.3362020309
3205	0.3361870403
3206	0.3361816197
3207	0.3361664688
3208	0.3361557288
3209	0.3361491537
3210	0.3361420375
3211	0.3361267372
3212	0.3361120538
3213	0.3361110014
3214	0.3360973545
3215	0.336097042
3216	0.3360962343
3217	0.3360959043
3218	0.3360947912
3219	0.3360888224
3220	0.3360858801
3221	0.3360597031
3222	0.3360586878
3223	0.3360521047
3224	0.3360421603
3225	0.3360420546
3226	0.3360419634
3227	0.3360350963
3228	0.3360349921
3229	0.3360340582
3230	0.3359976001
3231	0.3359837567
3232	0.3359837068
3233	0.3359348868
3234	0.3359340027
3235	0.3359331907
3236	0.3359276648
3237	0.3359200473
3238	0.3359125041
3239	0.3358815403
3240	0.3358804063
3241	0.3358774317
3242	0.3358572615
3243	0.3358370278
3244	0.3358215079
3245	0.3358200567
3246	0.3358030618
3247	0.335776221
3248	0.3357753649
3249	0.3357738333
3250	0.3357730582
3251	0.3357716025
3252	0.335771091
3253	0.3357703301
3254	0.3357691465
3255	0.3357686035
3256	0.3357677116
3257	0.335759529
3258	0.3357578678
3259	0.3357573551
3260	0.3357556344
3261	0.3357290258
3262	0.3356950581
3263	0.3356940481
3264	0.3356652236
3265	0.3356647147
3266	0.3356627414
3267	0.3356482339
3268	0.3356477371
3269	0.3356395849
3270	0.3356125348
3271	0.3355826967
3272	0.3355815387
3273	0.3355776498
3274	0.3355756124
3275	0.335574345
3276	0.3355709275
3277	0.3355605973
3278	0.3355587587
3279	0.3355584951
3280	0.3355395034
3281	0.3355167392
3282	0.3355153811
3283	0.3355131738
3284	0.3355120873
3285	0.3354872929
3286	0.3354869722
3287	0.3354869503
3288	0.3354743215
3289	0.3354708793
3290	0.3354613414
3291	0.3354569987
3292	0.3354501418
3293	0.3354107331
3294	0.3354100948
3295	0.3354093023
3296	0.3353911188
3297	0.3353667636
3298	0.3353413551
3299	0.3353402095
3300	0.3353379599
3301	0.3353356827
3302	0.335309131
3303	0.3353062213
3304	0.3352724529
3305	0.3352658979
3306	0.3352611045
3307	0.3352610601
3308	0.3352348147
3309	0.3352326292
3310	0.3351912266
3311	0.3351902715
3312	0.3351740166
3313	0.3351719825
3314	0.335170159
3315	0.3351691765
3316	0.3351683061
3317	0.3351414679
3318	0.3351303369
3319	0.3351041309
3320	0.3350981944
3321	0.3350970834
3322	0.3350685278
3323	0.3350667934
3324	0.3350667034
3325	0.3350656955
3326	0.3350482062
3327	0.3350092832
3328	0.335008073
3329	0.3350065622
3330	0.3349693281
3331	0.3349520011
3332	0.3349465692
3333	0.3349461067
3334	0.3349450841
3335	0.3349447764
3336	0.3349329862
3337	0.3349272123
3338	0.3349158404
3339	0.3349150571
3340	0.3349108895
3341	0.334892215
3342	0.3348616333
3343	0.3348615291
3344	0.3348614184
3345	0.3348323397
3346	0.3348233118
3347	0.3348022545
3348	0.3347858951
3349	0.3347744704
3350	0.3347693793
3351	0.334768948
3352	0.3347671639
3353	0.3347657085
3354	0.3347407843
3355	0.3347396339
3356	0.3347240109
3357	0.3347238801
3358	0.3347169934
3359	0.3347169789
3360	0.3347166533
3361	0.3347147286
3362	0.3347138524
3363	0.3347138047
3364	0.3347057735
3365	0.3347046222
3366	0.3346547463
3367	0.3346430939
3368	0.3346386383
3369	0.3346346351
3370	0.3346071328
3371	0.3345735315
3372	0.3345709037
3373	0.334563661
3374	0.3345598982
3375	0.3345573085
3376	0.3345561915
3377	0.3345556495
3378	0.3345340387
3379	0.3345329758
3380	0.3345123339
3381	0.33451084
3382	0.334507679
3383	0.3345070873
3384	0.3345047209
3385	0.3345046308
3386	0.3345043516
3387	0.3345037882
3388	0.3345034507
3389	0.3345028666
3390	0.3344728539
3391	0.3344715544
3392	0.3344468094
3393	0.3344448171
3394	0.3344439958
3395	0.3344429493
3396	0.3344396219
3397	0.3344383252
3398	0.3344184172
3399	0.3344149969
3400	0.3344024404
3401	0.3344002913
3402	0.3343818778
3403	0.3343796053
3404	0.3343787431
3405	0.3343777063
3406	0.3343764131
3407	0.3343577693
3408	0.3343567128
3409	0.3343559317
3410	0.3343450589
3411	0.3343447553
3412	0.3343434748
3413	0.3343390915
3414	0.3343376609
3415	0.3343369012
3416	0.3343155447
3417	0.3343152229
3418	0.3343144454
3419	0.334311636
3420	0.3342872181
3421	0.3342862298
3422	0.3342709117
3423	0.3342678296
3424	0.3342452886
3425	0.3342223708
3426	0.334220214
3427	0.3342010312
3428	0.3341975966
3429	0.3341973946
3430	0.3341903087
3431	0.3341896176
3432	0.3341885333
3433	0.3341866102
3434	0.3341811026
3435	0.3341567256
3436	0.3341558055
3437	0.3341551858
3438	0.33415302
3439	0.3341340696
3440	0.3341331351
3441	0.3341298466
3442	0.3341293995
3443	0.3341147094
3444	0.3341122044
3445	0.3341112862
3446	0.334089154
3447	0.3340869979
3448	0.3340855015
3449	0.3340851702
3450	0.3340841114
3451	0.3340833043
3452	0.334082531
3453	0.3340783649
3454	0.3340776634
3455	0.3340610754
3456	0.3340610133
3457	0.334051218
3458	0.3340507004
3459	0.3340495744
3460	0.3340489717
3461	0.3340484072
3462	0.3340434455
3463	0.3340420613
3464	0.3340411812
3465	0.3340396605
3466	0.3340165623
3467	0.3340157426
3468	0.3340129015
3469	0.3339834062
3470	0.3339834066
3471	0.333983008
3472	0.3339633175
3473	0.3339611816
3474	0.3339603306
3475	0.3339223791
3476	0.3339154346
3477	0.3339150977
3478	0.3339095646
3479	0.3338854173
3480	0.3338779325
3481	0.3338766517
3482	0.3338758837
3483	0.3338745031
3484	0.3338741893
3485	0.3338697529
3486	0.3338627393
3487	0.3338609443
3488	0.3338560236
3489	0.3338559237
3490	0.3338516227
3491	0.3338495314
3492	0.333845667
3493	0.3338445135
3494	0.3338123389
3495	0.3338123432
3496	0.3337810461
3497	0.3337810043
3498	0.3337739353
3499	0.333772784
3500	0.3337725123
3501	0.3337705778
3502	0.3337705488
3503	0.333769826
3504	0.3337678129
3505	0.3337635607
3506	0.333754319
3507	0.3337520048
3508	0.3337377077
3509	0.3337368852
3510	0.3337358076
3511	0.333723933
3512	0.3337231144
3513	0.3337119795
3514	0.3337111532
3515	0.3336950453
3516	0.3336894704
3517	0.3336698205
3518	0.333666055
3519	0.3336406897
3520	0.3336300465
3521	0.3336277512
3522	0.3336228092
3523	0.3335729911
3524	0.3335470445
3525	0.3335441897
3526	0.333520589
3527	0.3334901575
3528	0.3334683531
3529	0.3334475009
3530	0.3334467642
3531	0.3334228581
3532	0.333422024
3533	0.3334074685
3534	0.3334073709
3535	0.333383
3536	0.3333807116
3537	0.3333788826
3538	0.3333665284
3539	0.3333652557
3540	0.3333511355
3541	0.3333328604
3542	0.3333275279
3543	0.3333275239
3544	0.3333076029
3545	0.3333066194
3546	0.3333061015
3547	0.3333040342
3548	0.3332940261
3549	0.3332929511
3550	0.3332627257
3551	0.3332346695
3552	0.3332228815
3553	0.3332219734
3554	0.3332091999
3555	0.333188273
3556	0.3331584917
3557	0.333135636
3558	0.3331346107
3559	0.3331343385
3560	0.333118877
3561	0.3330931543
3562	0.3330920385
3563	0.3330779723
3564	0.3330571457
3565	0.3330415117
3566	0.3330404628
3567	0.3330402442
3568	0.3330364918
3569	0.3330165819
3570	0.3330097524
3571	0.3330057594
3572	0.3329939176
3573	0.3329918821
3574	0.3329604233
3575	0.3329590876
3576	0.3329411912
3577	0.3329407359
3578	0.3329212906
3579	0.3328948217
3580	0.3328760557
3581	0.3328714909
3582	0.332852807
3583	0.332837549
3584	0.3328375261
3585	0.332800805
3586	0.3328007457
3587	0.3328006948
3588	0.3327992492
3589	0.3327881314
3590	0.3327861028
3591	0.3327857773
3592	0.3327836924
3593	0.3327627806
3594	0.332762202
3595	0.3327566237
3596	0.3327560314
3597	0.3327446536
3598	0.3327282421
3599	0.3327282022
3600	0.3327109686
3601	0.3327098329
3602	0.3327095726
3603	0.332708263
3604	0.3327031883
3605	0.332684227
3606	0.332661047
3607	0.3326609785
3608	0.3326369176
3609	0.3326348106
3610	0.3326229187
3611	0.3326056851
3612	0.332604609
3613	0.3325966076
3614	0.3325947297
3615	0.3325788288
3616	0.3325651079
3617	0.3325639102
3618	0.332544289
3619	0.3325437355
3620	0.3325436122
3621	0.3325403063
3622	0.3325202601
3623	0.3325151728
3624	0.3325049996
3625	0.332504348
3626	0.3324859706
3627	0.3324798491
3628	0.3324635745
3629	0.3324612019
3630	0.3324595271
3631	0.3324586275
3632	0.3324577707
3633	0.3324416055
3634	0.332426362
3635	0.332410923
3636	0.3323761391
3637	0.3323744236
3638	0.332363591
3639	0.3323620147
3640	0.3323535977
3641	0.3323536051
3642	0.332353555
3643	0.3323417573
3644	0.3323410561
3645	0.3323236747
3646	0.3323225942
3647	0.3323039353
3648	0.3323033734
3649	0.3322985179
3650	0.3322966777
3651	0.3322798889
3652	0.3322798477
3653	0.3322769154
3654	0.3322725412
3655	0.3322351685
3656	0.3322344767
3657	0.3322315923
3658	0.3322264352
3659	0.332197495
3660	0.3321855396
3661	0.3321776916
3662	0.3321761174
3663	0.3321494158
3664	0.33214729
3665	0.332138886
3666	0.3321376645
3667	0.3321135295
3668	0.3320706799
3669	0.3320609425
3670	0.3320590819
3671	0.3320411717
3672	0.3320214578
3673	0.3319892676
3674	0.3319790591
3675	0.3319781807
3676	0.3319643576
3677	0.3319637647
3678	0.3319428439
3679	0.3319084271
3680	0.3319083934
3681	0.3319072581
3682	0.3319054549
3683	0.3318827512
3684	0.3318822872
3685	0.3318816509
3686	0.3318795908
3687	0.3318781065
3688	0.3318780383
3689	0.3318770812
3690	0.3318617137
3691	0.3318597264
3692	0.331858499
3693	0.3318585327
3694	0.3318581797
3695	0.331857703
3696	0.3318568878
3697	0.3318568284
3698	0.3318556891
3699	0.3318547174
3700	0.3318538535
3701	0.3318537334
3702	0.3318523227
3703	0.3318497418
3704	0.3318296923
3705	0.3318281831
3706	0.331827341
3707	0.3317944175
3708	0.331777348
3709	0.3317750998
3710	0.3317739747
3711	0.3317561555
3712	0.3317539419
3713	0.331753082
3714	0.3317241474
3715	0.3317075055
3716	0.3317067565
3717	0.3316942779
3718	0.3316938413
3719	0.3316891109
3720	0.3316854298
3721	0.3316491979
3722	0.331648505
3723	0.3316443822
3724	0.3316401829
3725	0.3316342418
3726	0.331631717
3727	0.3316316566
3728	0.3316305951
3729	0.3316294857
3730	0.3316017451
3731	0.3316011074
3732	0.3315939508
3733	0.3315935448
3734	0.3315928711
3735	0.3315909527
3736	0.3315732343
3737	0.3315731477
3738	0.3315721879
3739	0.3315713011
3740	0.3315533834
3741	0.331548136
3742	0.331547668
3743	0.3315474546
3744	0.3315451301
3745	0.3315421071
3746	0.3315308428
3747	0.3315079637
3748	0.3315061717
3749	0.3314948876
3750	0.331493883
3751	0.3314929402
3752	0.3314908473
3753	0.3314670898
3754	0.331465469
3755	0.3314644101
3756	0.331438897
3757	0.3314045117
3758	0.3314029574
3759	0.3313998047
3760	0.331385614
3761	0.3313775734
3762	0.3313770193
3763	0.3313747984
3764	0.3313734582
3765	0.3313403991
3766	0.3313392678
3767	0.33133821
3768	0.3313371133
3769	0.3313310541
3770	0.3313282427
3771	0.3313018452
3772	0.3312994153
3773	0.3312983482
3774	0.3312935021
3775	0.3312911761
3776	0.3312534982
3777	0.3312347506
3778	0.3312336554
3779	0.3312314109
3780	0.3312291435
3781	0.3312276243
3782	0.3312208708
3783	0.3312208725
3784	0.3312112133
3785	0.3312093595
3786	0.3312056658
3787	0.3311852388
3788	0.3311805608
3789	0.3311742203
3790	0.3311691221
3791	0.3311683465
3792	0.331168323
3793	0.3311628452
3794	0.331161733
3795	0.3311614601
3796	0.3311534168
3797	0.3311520508
3798	0.3311492773
3799	0.3311473735
3800	0.3311271026
3801	0.3311259331
3802	0.3311242729
3803	0.3311231222
3804	0.3311154844
3805	0.3311153099
3806	0.3311022022
3807	0.3311015778
3808	0.3310773162
3809	0.3310764044
3810	0.3310751749
3811	0.3310729452
3812	0.3310707757
3813	0.3310697505
3814	0.3310695481
3815	0.3310692661
3816	0.3310689269
3817	0.3310689115
3818	0.3310689223
3819	0.3310671134
3820	0.3310656664
3821	0.3310293867
3822	0.3310275634
3823	0.3310042403
3824	0.3309886617
3825	0.330966732
3826	0.3309667199
3827	0.3309657346
3828	0.3309506747
3829	0.330949412
3830	0.3309291845
3831	0.3309290989
3832	0.3308967437
3833	0.3308966373
3834	0.3308722436
3835	0.330863382
3836	0.3308611295
3837	0.330859965
3838	0.3308585968
3839	0.3308314615
3840	0.3308303158
3841	0.3308081648
3842	0.3307995591
3843	0.330797214
3844	0.3307770349
3845	0.3307760623
3846	0.3307715713
3847	0.3307715692
3848	0.3307709436
3849	0.3307686601
3850	0.3307592608
3851	0.3307340378
3852	0.3307149041
3853	0.3307097947
3854	0.330706248
3855	0.3307050957
3856	0.3307042022
3857	0.3306917878
3858	0.3306884618
3859	0.3306867059
3860	0.3306842012
3861	0.3306695933
3862	0.3306694731
3863	0.3306413039
3864	0.330637531
3865	0.3306186593
3866	0.3306184062
3867	0.3306163354
3868	0.3306056564
3869	0.3306047966
3870	0.3305785431
3871	0.3305785124
3872	0.3305780046
3873	0.3305777965
3874	0.3305769424
3875	0.330549267
3876	0.3305471732
3877	0.3305461617
3878	0.3305455079
3879	0.3305377467
3880	0.3305358898
3881	0.3305351657
3882	0.3304861161
3883	0.3304644686
3884	0.3304644209
3885	0.3304363801
3886	0.3304314487
3887	0.330429666
3888	0.3304288758
3889	0.3304284509
3890	0.3304270345
3891	0.3304030207
3892	0.3304018046
3893	0.3303832018
3894	0.3303826707
3895	0.3303806066
3896	0.3303796603
3897	0.3303516978
3898	0.3303503008
3899	0.3303366103
3900	0.3303229364
3901	0.3303206484
3902	0.3303172226
3903	0.3303161713
3904	0.3302849865
3905	0.330267776
3906	0.3302368298
3907	0.3302357049
3908	0.330234049
3909	0.3302118452
3910	0.3302007724
3911	0.330199422
3912	0.3301836886
3913	0.3301831536
3914	0.330181546
3915	0.330181331
3916	0.330155129
3917	0.3301263568
3918	0.3301250238
3919	0.3301227133
3920	0.330116177
3921	0.3301141956
3922	0.3300996502
3923	0.3300991399
3924	0.3300873246
3925	0.3300691637
3926	0.3300558693
3927	0.3300545117
3928	0.3300418941
3929	0.3300364453
3930	0.3300363605
3931	0.3300207267
3932	0.3300175671
3933	0.3300144175
3934	0.3300135266
3935	0.3299937364
3936	0.329949514
3937	0.329939886
3938	0.3299115016
3939	0.3299104242
3940	0.3299031208
3941	0.3299000929
3942	0.3298973995
3943	0.3298974122
3944	0.3298973811
3945	0.3298706443
3946	0.3298684434
3947	0.3298444234
3948	0.3298332574
3949	0.3298257083
3950	0.3298256533
3951	0.3298245753
3952	0.3298196889
3953	0.3297998245
3954	0.3297979435
3955	0.3297917192
3956	0.3297896187
3957	0.3297794481
3958	0.3297790617
3959	0.3297725569
3960	0.3297438003
3961	0.3297419464
3962	0.329741302
3963	0.3297402079
3964	0.3297389997
3965	0.3297376504
3966	0.3297071897
3967	0.3297057567
3968	0.3297011271
3969	0.3296816308
3970	0.3296626103
3971	0.3296507392
3972	0.3296505994
3973	0.3296324578
3974	0.3296317911
3975	0.3296317561
3976	0.3296079412
3977	0.3296006135
3978	0.3295919079
3979	0.3295895351
3980	0.3295886031
3981	0.3295824342
3982	0.3295781982
3983	0.3295781014
3984	0.3295613554
3985	0.3295606042
3986	0.3295489733
3987	0.3295412091
3988	0.3295162157
3989	0.3295132478
3990	0.3295066868
3991	0.3294812121
3992	0.329478572
3993	0.329433755
3994	0.3294316021
3995	0.3294307695
3996	0.3294101012
3997	0.3294025697
3998	0.3294004879
3999	0.3293759255
4000	0.3293755463
4001	0.3293648434
4002	0.329364184
4003	0.3293576045
4004	0.3293564781
4005	0.3293564218
4006	0.3293463581
4007	0.3293448563
4008	0.3293379275
4009	0.3293354845
4010	0.3293333366
4011	0.3293285894
4012	0.3293253724
4013	0.3293240078
4014	0.3293224233
4015	0.3293027077
4016	0.329291802
4017	0.3292911085
4018	0.3292906974
4019	0.3292830307
4020	0.3292755681
4021	0.3292622288
4022	0.329252556
4023	0.3292304102
4024	0.3292276925
4025	0.3292269749
4026	0.3292022595
4027	0.329199319
4028	0.329198544
4029	0.3291969658
4030	0.3291656369
4031	0.3291446367
4032	0.329143505
4033	0.32913864
4034	0.3291375929
4035	0.3291375867
4036	0.3291370505
4037	0.3291370438
4038	0.3291256027
4039	0.3291248978
4040	0.3291216628
4041	0.3291207334
4042	0.3291201314
4043	0.3290998986
4044	0.3290888298
4045	0.3290755359
4046	0.3290557718
4047	0.3290393404
4048	0.3290323033
4049	0.3290300563
4050	0.3290242961
4051	0.328994993
4052	0.3289939814
4053	0.3289914784
4054	0.3289784652
4055	0.3289776393
4056	0.3289565131
4057	0.3289565063
4058	0.3289557597
4059	0.3289548447
4060	0.328954819
4061	0.3289540852
4062	0.3289510954
4063	0.3289492719
4064	0.328947979
4065	0.3289453749
4066	0.3289366273
4067	0.3289359867
4068	0.3289223495
4069	0.3289196653
4070	0.3289190888
4071	0.3289175554
4072	0.3288801788
4073	0.3288529846
4074	0.3288262643
4075	0.3288115183
4076	0.3288081391
4077	0.3288072439
4078	0.3288067756
4079	0.328805216
4080	0.3288045004
4081	0.3288031399
4082	0.328779435
4083	0.3287781412
4084	0.3287742852
4085	0.3287723651
4086	0.3287706413
4087	0.3287679382
4088	0.3287665643
4089	0.3287460297
4090	0.3287458222
4091	0.328724838
4092	0.328720549
4093	0.3287197772
4094	0.3287020717
4095	0.3286832878
4096	0.3286802772
4097	0.3286603595
4098	0.3286444941
4099	0.3286433807
4100	0.3286410418
4101	0.3286402694
4102	0.3286368618
4103	0.3286344284
4104	0.328634038
4105	0.3286331012
4106	0.3286307544
4107	0.328617037
4108	0.3286169479
4109	0.3286156296
4110	0.3286094607
4111	0.3286094146
4112	0.3286065855
4113	0.3285960132
4114	0.3285960403
4115	0.3285954043
4116	0.3285841734
4117	0.3285841392
4118	0.3285838362
4119	0.3285831226
4120	0.3285816505
4121	0.3285815566
4122	0.3285785668
4123	0.328576116
4124	0.32855749
4125	0.3285527689
4126	0.3285415491
4127	0.3285407223
4128	0.3285368847
4129	0.3285355022
4130	0.3285159516
4131	0.3284744626
4132	0.3284727876
4133	0.3284720044
4134	0.3284711485
4135	0.3284474246
4136	0.3284220446
4137	0.3284219646
4138	0.3284214716
4139	0.328420255
4140	0.3284195431
4141	0.3284190965
4142	0.3284187172
4143	0.328410332
4144	0.3284102577
4145	0.3284044913
4146	0.3283931555
4147	0.3283866933
4148	0.3283497249
4149	0.328338981
4150	0.3283264139
4151	0.3283263551
4152	0.3283030965
4153	0.3282884475
4154	0.3282552657
4155	0.3282402883
4156	0.3282315516
4157	0.3282314705
4158	0.3282106907
4159	0.3281937352
4160	0.3281926365
4161	0.3281915556
4162	0.3281713331
4163	0.3281705882
4164	0.328170411
4165	0.3281697235
4166	0.3281580176
4167	0.3281353205
4168	0.32813477
4169	0.3281230149
4170	0.3281219854
4171	0.3281211633
4172	0.3280798885
4173	0.3280774533
4174	0.328060786
4175	0.3280593206
4176	0.3280564857
4177	0.3280563854
4178	0.3280499001
4179	0.3280447584
4180	0.328041413
4181	0.3280409151
4182	0.3280408556
4183	0.3280291749
4184	0.3280252503
4185	0.3280246851
4186	0.3279957468
4187	0.3279932433
4188	0.3279833907
4189	0.3279827618
4190	0.3279791593
4191	0.3279703048
4192	0.3279649991
4193	0.3279309107
4194	0.3279055778
4195	0.3279046762
4196	0.3279012556
4197	0.327900502
4198	0.3278993168
4199	0.3278981984
4200	0.3278980729
4201	0.3278974969
4202	0.3278818368
4203	0.3278810117
4204	0.3278731643
4205	0.3278560043
4206	0.3278546569
4207	0.327853894
4208	0.3278515297
4209	0.3278376516
4210	0.3278062693
4211	0.327784702
4212	0.3277481081
4213	0.3277164391
4214	0.3277089708
4215	0.3276977295
4216	0.3276949093
4217	0.3276942658
4218	0.3276752066
4219	0.3276630778
4220	0.3276553539
4221	0.32765453
4222	0.3276515793
4223	0.3276198271
4224	0.3276167685
4225	0.3276148104
4226	0.3276135093
4227	0.327603383
4228	0.327603148
4229	0.3275780852
4230	0.3275729469
4231	0.3275608425
4232	0.3275343546
4233	0.3275182399
4234	0.3275166853
4235	0.3275165542
4236	0.3275159233
4237	0.327506988
4238	0.3275051318
4239	0.3275038821
4240	0.3275024533
4241	0.3275013571
4242	0.327498411
4243	0.3274728311
4244	0.3274709224
4245	0.3274698891
4246	0.3274693342
4247	0.3274689784
4248	0.3274668272
4249	0.3274637613
4250	0.327460531
4251	0.3274594661
4252	0.3274589787
4253	0.3274470345
4254	0.3274332665
4255	0.3274314738
4256	0.3274219809
4257	0.3273859594
4258	0.3273811406
4259	0.3273692945
4260	0.327362679
4261	0.3273600414
4262	0.3273563145
4263	0.3273370178
4264	0.3273257883
4265	0.3273236225
4266	0.3273043172
4267	0.3272992128
4268	0.3272981435
4269	0.3272978854
4270	0.3272974406
4271	0.3272709178
4272	0.3272361481
4273	0.3272352524
4274	0.327202845
4275	0.3272018277
4276	0.3271990855
4277	0.3271978793
4278	0.327196988
4279	0.3271952912
4280	0.3271921416
4281	0.327191254
4282	0.327166505
4283	0.327130038
4284	0.3271155758
4285	0.3271140064
4286	0.3271118885
4287	0.3271102117
4288	0.3270930703
4289	0.327084313
4290	0.3270656514
4291	0.3270648535
4292	0.3270639576
4293	0.3270380523
4294	0.3270362587
4295	0.3270263052
4296	0.3270262982
4297	0.327024624
4298	0.327022806
4299	0.3270144848
4300	0.326991309
4301	0.3269907939
4302	0.326989032
4303	0.3269860417
4304	0.3269672762
4305	0.3269445283
4306	0.3269415375
4307	0.326919339
4308	0.3269126431
4309	0.3269126225
4310	0.3269092804
4311	0.3268989278
4312	0.3268818589
4313	0.3268799865
4314	0.3268793062
4315	0.3268667365
4316	0.3268622069
4317	0.326860853
4318	0.3268586537
4319	0.3268502557
4320	0.3268500781
4321	0.3268493803
4322	0.3268297757
4323	0.326829079
4324	0.3268177843
4325	0.3268164882
4326	0.3268142034
4327	0.3268129768
4328	0.3267939329
4329	0.3267815454
4330	0.3267806277
4331	0.3267557517
4332	0.3267328768
4333	0.3267170243
4334	0.3267020838
4335	0.3266833775
4336	0.3266800393
4337	0.3266528795
4338	0.3266526774
4339	0.3266380099
4340	0.3266364603
4341	0.3266257826
4342	0.3266238163
4343	0.3266230617
4344	0.3266230123
4345	0.326612149
4346	0.3266105011
4347	0.3266034931
4348	0.3265835337
4349	0.3265833002
4350	0.3265556953
4351	0.3265466488
4352	0.3265302949
4353	0.326530205
4354	0.3265147336
4355	0.3264906544
4356	0.3264903765
4357	0.326462167
4358	0.3264536797
4359	0.3264427037
4360	0.3264189445
4361	0.3264154223
4362	0.3264149575
4363	0.3264111893
4364	0.326361011
4365	0.3263469627
4366	0.3263347088
4367	0.3263315302
4368	0.3263308482
4369	0.3263278772
4370	0.3263247042
4371	0.3263242157
4372	0.3263169272
4373	0.3262998961
4374	0.3262994624
4375	0.3262777416
4376	0.3262750235
4377	0.3262749888
4378	0.3262666375
4379	0.3262610776
4380	0.3262488375
4381	0.3262377069
4382	0.3262303281
4383	0.326219611
4384	0.326219116
4385	0.3262063329
4386	0.3261867749
4387	0.3261854412
4388	0.3261782524
4389	0.3261491499
4390	0.3261485951
4391	0.3261441584
4392	0.3261435211
4393	0.3261172049
4394	0.3261117612
4395	0.326110577
4396	0.3261091971
4397	0.3260978631
4398	0.3260972257
4399	0.326082179
4400	0.326081228
4401	0.3260791701
4402	0.3260788101
4403	0.3260677674
4404	0.3260670184
4405	0.3260634969
4406	0.3260627164
4407	0.3260536404
4408	0.3260431098
4409	0.3260186537
4410	0.3260165995
4411	0.3260135703
4412	0.3259994891
4413	0.3259862519
4414	0.3259641295
4415	0.3259436168
4416	0.3259427028
4417	0.325940017
4418	0.3259302325
4419	0.325928999
4420	0.3259267152
4421	0.3259254304
4422	0.3259249032
4423	0.3259236487
4424	0.3259225645
4425	0.3259215793
4426	0.3259011051
4427	0.3258994667
4428	0.3258986275
4429	0.3258960429
4430	0.3258943372
4431	0.3258930387
4432	0.3258867575
4433	0.3258649772
4434	0.3258602609
4435	0.3258599924
4436	0.3258599041
4437	0.3258588059
4438	0.3258505822
4439	0.3258484499
4440	0.3258471777
4441	0.3258454373
4442	0.3258449366
4443	0.3258423229
4444	0.3258216927
4445	0.32581636
4446	0.3258125526
4447	0.32578066
4448	0.3257622873
4449	0.3257623153
4450	0.3257546618
4451	0.3257543587
4452	0.3257533187
4453	0.325752935
4454	0.325752451
4455	0.3257410214
4456	0.3257373608
4457	0.3257146439
4458	0.3257128444
4459	0.3257100485
4460	0.3257094293
4461	0.3257074477
4462	0.3256794068
4463	0.3256774215
4464	0.3256760454
4465	0.3256747693
4466	0.3256741702
4467	0.3256505188
4468	0.3256418908
4469	0.3256410932
4470	0.3256132041
4471	0.3256132041
4472	0.32560048
4473	0.3255992475
4474	0.3255797417
4475	0.3255796816
4476	0.3255793804
4477	0.325557208
4478	0.3255566039
4479	0.3255427131
4480	0.3255306669
4481	0.3254787396
4482	0.3254778984
4483	0.3254777664
4484	0.3254648777
4485	0.3254622519
4486	0.3254610203
4487	0.3254492273
4488	0.3254481047
4489	0.3254429136
4490	0.3254414809
4491	0.3254412056
4492	0.3254352795
4493	0.3254304178
4494	0.3254261883
4495	0.3254181202
4496	0.3253952146
4497	0.3253776596
4498	0.3253758963
4499	0.325366605
4500	0.3253645551
4501	0.3253643126
4502	0.3253416903
4503	0.3253359677
4504	0.3253357301
4505	0.325322704
4506	0.325321957
4507	0.3253209989
4508	0.3252955525
4509	0.3252924139
4510	0.3252905086
4511	0.3252803339
4512	0.3252801249
4513	0.3252783871
4514	0.3252618896
4515	0.3252449006
4516	0.3252436919
4517	0.3252398167
4518	0.3252049711
4519	0.3251957759
4520	0.3251951753
4521	0.3251936007
4522	0.3251754872
4523	0.3251384828
4524	0.325138375
4525	0.3251374323
4526	0.3251337201
4527	0.3251288068
4528	0.3251278609
4529	0.3251269774
4530	0.3251266178
4531	0.3251190325
4532	0.3251189362
4533	0.3251087105
4534	0.3250957144
4535	0.3250956133
4536	0.3250942569
4537	0.3250772073
4538	0.3250745837
4539	0.325073858
4540	0.325052207
4541	0.3250485457
4542	0.3250477867
4543	0.3250406429
4544	0.3250399337
4545	0.3250343334
4546	0.3250311418
4547	0.3250075775
4548	0.3249921929
4549	0.3249705432
4550	0.3249649482
4551	0.324961633
4552	0.3249597597
4553	0.3249586818
4554	0.3249511921
4555	0.3249476641
4556	0.3249476109
4557	0.324932696
4558	0.3249314361
4559	0.3249216415
4560	0.3249136148
4561	0.3249059922
4562	0.3249023864
4563	0.3248958338
4564	0.3248845279
4565	0.3248845267
4566	0.3248638184
4567	0.3248622295
4568	0.3248621979
4569	0.3248611229
4570	0.3248594348
4571	0.3248582503
4572	0.3248551629
4573	0.3248536518
4574	0.3248526278
4575	0.3248521282
4576	0.3248499917
4577	0.3248494754
4578	0.3248490341
4579	0.3248475494
4580	0.3248338426
4581	0.3248285871
4582	0.3248022765
4583	0.324800578
4584	0.3248005537
4585	0.3247933047
4586	0.3247828754
4587	0.3247522529
4588	0.3247480855
4589	0.3247335683
4590	0.3247328528
4591	0.3247100138
4592	0.3247094238
4593	0.3247086301
4594	0.3247086044
4595	0.3247077921
4596	0.3247075939
4597	0.3247063452
4598	0.3247063319
4599	0.3246923777
4600	0.3246902439
4601	0.3246720489
4602	0.324665968
4603	0.3246653411
4604	0.3246496279
4605	0.324645417
4606	0.3246431502
4607	0.3246426336
4608	0.3246298687
4609	0.3246287788
4610	0.324627905
4611	0.3246189975
4612	0.3246122079
4613	0.3246088874
4614	0.3246036954
4615	0.3245952189
4616	0.3245937892
4617	0.3245818991
4618	0.3245818239
4619	0.3245811175
4620	0.3245748202
4621	0.3245500499
4622	0.32454881
4623	0.3245487918
4624	0.3245300341
4625	0.3245191347
4626	0.3245190648
4627	0.3245063362
4628	0.3245060087
4629	0.3245057208
4630	0.324504249
4631	0.3245037308
4632	0.3245037036
4633	0.3245024424
4634	0.3244969796
4635	0.3244961492
4636	0.3244957353
4637	0.324494164
4638	0.3244750294
4639	0.3244710529
4640	0.3244448543
4641	0.3244324882
4642	0.3244304427
4643	0.3244289298
4644	0.3244265808
4645	0.3244241777
4646	0.3244075784
4647	0.3244064424
4648	0.3244030696
4649	0.3243833094
4650	0.3243641585
4651	0.3243496327
4652	0.3243483887
4653	0.3243391314
4654	0.3243371922
4655	0.3243341342
4656	0.3243292429
4657	0.3243101776
4658	0.3243069455
4659	0.3243061932
4660	0.3242950614
4661	0.3242844529
4662	0.3242837064
4663	0.3242832246
4664	0.3242761643
4665	0.3242683418
4666	0.3242679809
4667	0.3242667964
4668	0.3242452733
4669	0.3242445808
4670	0.3242254634
4671	0.3242030485
4672	0.3242006348
4673	0.324198792
4674	0.3241796398
4675	0.3241683752
4676	0.3241483782
4677	0.3241478257
4678	0.3241460217
4679	0.3241450995
4680	0.324137154
4681	0.3241370886
4682	0.3240950958
4683	0.3240783562
4684	0.324069005
4685	0.3240568675
4686	0.3240393409
4687	0.3240385003
4688	0.3240377189
4689	0.3240367877
4690	0.3240347492
4691	0.3240084348
4692	0.3240074114
4693	0.3240045306
4694	0.3239862175
4695	0.323961014
4696	0.32395996
4697	0.3239579051
4698	0.323957315
4699	0.3239375736
4700	0.3239145699
4701	0.3238983677
4702	0.3238971523
4703	0.3238779315
4704	0.3238493942
4705	0.3238473031
4706	0.3238409104
4707	0.3238395434
4708	0.3238380299
4709	0.3238268693
4710	0.3238080068
4711	0.3237706923
4712	0.3237706735
4713	0.3237700232
4714	0.3237682642
4715	0.3237624243
4716	0.3237623613
4717	0.3237621442
4718	0.3237335951
4719	0.323732301
4720	0.3237147986
4721	0.3237039605
4722	0.3237023789
4723	0.3236878817
4724	0.3236862175
4725	0.3236856326
4726	0.3236829566
4727	0.3236773381
4728	0.3236637719
4729	0.3236489256
4730	0.3236215681
4731	0.3236211557
4732	0.3236169886
4733	0.3236058243
4734	0.3236031172
4735	0.3235888869
4736	0.3235851879
4737	0.3235777791
4738	0.3235756121
4739	0.3235626348
4740	0.3235384331
4741	0.3235378234
4742	0.3235368056
4743	0.3235119628
4744	0.323490354
4745	0.3234901569
4746	0.323487418
4747	0.3234868215
4748	0.3234753803
4749	0.3234625461
4750	0.3234559513
4751	0.3234554634
4752	0.3234532262
4753	0.3234531834
4754	0.3234423549
4755	0.3234220444
4756	0.323408048
4757	0.3233858272
4758	0.3233827921
4759	0.3233763702
4760	0.3233693595
4761	0.3233678009
4762	0.3233529009
4763	0.3233419079
4764	0.3233350179
4765	0.3233001011
4766	0.323299311
4767	0.3232970025
4768	0.3232963148
4769	0.3232950354
4770	0.323271037
4771	0.3232531547
4772	0.3232480372
4773	0.3232270231
4774	0.3232151642
4775	0.3232142919
4776	0.3232136544
4777	0.3232114963
4778	0.3232105165
4779	0.3232018659
4780	0.3231998551
4781	0.3231989941
4782	0.3231757437
4783	0.3231492648
4784	0.3231480545
4785	0.3231467492
4786	0.3231424389
4787	0.3231416946
4788	0.3231211325
4789	0.3231174915
4790	0.3231156283
4791	0.3231051771
4792	0.3231002978
4793	0.323092518
4794	0.3230918913
4795	0.3230792587
4796	0.3230782371
4797	0.3230712071
4798	0.3230702479
4799	0.3230568749
4800	0.323050475
4801	0.3230351591
4802	0.3230343532
4803	0.3230296869
4804	0.3230259957
4805	0.3229994988
4806	0.3229850784
4807	0.3229850401
4808	0.3229839717
4809	0.3229767026
4810	0.3229748998
4811	0.3229747993
4812	0.3229742319
4813	0.3229722088
4814	0.3229708664
4815	0.3229626476
4816	0.3229312382
4817	0.3229309193
4818	0.3229274462
4819	0.3229177592
4820	0.3229177131
4821	0.3229175477
4822	0.3229142963
4823	0.3229131333
4824	0.3229094238
4825	0.3229020197
4826	0.3229003065
4827	0.3228980581
4828	0.322897473
4829	0.3228618225
4830	0.3228503774
4831	0.3228495185
4832	0.3228285033
4833	0.3228245966
4834	0.3228158658
4835	0.3227896457
4836	0.3227883089
4837	0.3227883094
4838	0.322787531
4839	0.3227844998
4840	0.3227819073
4841	0.3227583674
4842	0.3227565483
4843	0.3227553199
4844	0.3227218693
4845	0.3227215493
4846	0.3227203429
4847	0.3227187634
4848	0.3227102444
4849	0.3226904746
4850	0.3226870139
4851	0.3226798348
4852	0.3226781899
4853	0.3226540032
4854	0.3226481783
4855	0.3226477415
4856	0.3226477122
4857	0.3226267788
4858	0.3225984139
4859	0.322576827
4860	0.3225755117
4861	0.3225748766
4862	0.3225573838
4863	0.322555346
4864	0.3225484348
4865	0.3225467244
4866	0.3225333846
4867	0.3225319873
4868	0.3225307356
4869	0.3225279081
4870	0.3225269765
4871	0.322497544
4872	0.3224947051
4873	0.3224810874
4874	0.3224795444
4875	0.3224772535
4876	0.3224762614
4877	0.3224552959
4878	0.3224550437
4879	0.3224514058
4880	0.3224508877
4881	0.322439662
4882	0.3224141427
4883	0.3224136309
4884	0.3223978649
4885	0.3223850032
4886	0.322356943
4887	0.3223435711
4888	0.3223402651
4889	0.3223393409
4890	0.3223381693
4891	0.3223354802
4892	0.3223351199
4893	0.3223345826
4894	0.3223325256
4895	0.3223319575
4896	0.3223267789
4897	0.32232636
4898	0.3223143254
4899	0.3223133653
4900	0.3223035889
4901	0.322279681
4902	0.3222624521
4903	0.3222516863
4904	0.3222512759
4905	0.3222489113
4906	0.3222433307
4907	0.3222260707
4908	0.3222182167
4909	0.3222168691
4910	0.3222025134
4911	0.3221986176
4912	0.3221965192
4913	0.3221956544
4914	0.3221950194
4915	0.3221727318
4916	0.3221500927
4917	0.3221501013
4918	0.3221397039
4919	0.3221182837
4920	0.3220855176
4921	0.3220796315
4922	0.3220773862
4923	0.3220746524
4924	0.3220737861
4925	0.3220727463
4926	0.322072538
4927	0.3220673638
4928	0.3220566954
4929	0.3220311616
4930	0.3220062885
4931	0.3219899121
4932	0.32198855
4933	0.3219783043
4934	0.3219621864
4935	0.3219621802
4936	0.321960684
4937	0.3219576748
4938	0.3219570916
4939	0.3219561543
4940	0.3219524336
4941	0.3219362046
4942	0.3219345846
4943	0.3219317314
4944	0.3219309402
4945	0.3219288085
4946	0.3219076968
4947	0.3219069626
4948	0.3219060498
4949	0.3219020105
4950	0.3218879679
4951	0.321887485
4952	0.3218847743
4953	0.3218604779
4954	0.3218603536
4955	0.3218577103
4956	0.3218567378
4957	0.3218458568
4958	0.3218423264
4959	0.3218328721
4960	0.3218315472
4961	0.3218301711
4962	0.3218286724
4963	0.321824303
4964	0.3218232764
4965	0.3218205566
4966	0.3218140108
4967	0.3218113438
4968	0.3218063419
4969	0.3218050184
4970	0.3218030677
4971	0.3218030528
4972	0.3217888732
4973	0.3217882261
4974	0.3217872222
4975	0.3217867556
4976	0.3217637565
4977	0.3217595876
4978	0.3217557108
4979	0.3217190506
4980	0.3216962337
4981	0.321695529
4982	0.3216877691
4983	0.3216848043
4984	0.3216806324
4985	0.3216805751
4986	0.3216728506
4987	0.3216724169
4988	0.3216533411
4989	0.3216523757
4990	0.3216518697
4991	0.3216514381
4992	0.3216484603
4993	0.3216478013
4994	0.3216360811
4995	0.3216326415
4996	0.3216244586
4997	0.3216230662
4998	0.3216195302
4999	0.3215859446
5000	0.321561597
5001	0.3215444508
5002	0.321542436
5003	0.3215286788
5004	0.3215116343
5005	0.3214824184
5006	0.3214818525
5007	0.3214818043
5008	0.3214814709
5009	0.3214805064
5010	0.3214789778
5011	0.3214789502
5012	0.3214676979
5013	0.3214650887
5014	0.3214633651
5015	0.3214600665
5016	0.3214594425
5017	0.3214586574
5018	0.3214586687
5019	0.3214562192
5020	0.3214549986
5021	0.3214461634
5022	0.3214161616
5023	0.3214148374
5024	0.3214130799
5025	0.3214125094
5026	0.3214117582
5027	0.3213812671
5028	0.3213807667
5029	0.3213724651
5030	0.3213668491
5031	0.3213660165
5032	0.3213569159
5033	0.3213544248
5034	0.321339059
5035	0.3213171521
5036	0.3212794908
5037	0.3212768467
5038	0.3212751385
5039	0.3212745252
5040	0.3212397242
5041	0.3212377135
5042	0.321232495
5043	0.3212317597
5044	0.3212312836
5045	0.3212164255
5046	0.3212159227
5047	0.3211997341
5048	0.3211930124
5049	0.3211888901
5050	0.3211886415
5051	0.3211684667
5052	0.32116668
5053	0.3211633249
5054	0.3211499154
5055	0.3211494357
5056	0.3211475054
5057	0.3211308573
5058	0.321130176
5059	0.3211301419
5060	0.3211298744
5061	0.3211297084
5062	0.3211258539
5063	0.3211017879
5064	0.3210895027
5065	0.321059364
5066	0.3210478236
5067	0.3210220649
5068	0.3210205228
5069	0.3209927811
5070	0.3209916551
5071	0.3209906235
5072	0.3209868568
5073	0.3209863419
5074	0.3209816272
5075	0.3209619951
5076	0.3209583929
5077	0.3209572117
5078	0.3209570076
5079	0.3209382826
5080	0.3209378841
5081	0.3209378759
5082	0.3209218054
5083	0.3209212396
5084	0.3209212299
5085	0.3209140478
5086	0.3209047223
5087	0.320893497
5088	0.3208837269
5089	0.3208796122
5090	0.3208775648
5091	0.3208704286
5092	0.3208677659
5093	0.3208537874
5094	0.3208349095
5095	0.3208078147
5096	0.320783692
5097	0.3207829034
5098	0.3207697941
5099	0.3207691948
5100	0.3207668117
5101	0.3207614842
5102	0.3207602766
5103	0.3207495247
5104	0.3207306918
5105	0.3207291914
5106	0.3207168088
5107	0.3207115655
5108	0.3206965401
5109	0.3206904666
5110	0.3206842092
5111	0.3206840474
5112	0.3206828525
5113	0.3206771082
5114	0.3206747077
5115	0.3206741169
5116	0.320673383
5117	0.3206703371
5118	0.3206560841
5119	0.3206524132
5120	0.3206518319
5121	0.3206393591
5122	0.3206362997
5123	0.3206362554
5124	0.32061416
5125	0.3205949659
5126	0.3205942448
5127	0.3205936097
5128	0.3205930281
5129	0.320592436
5130	0.3205917141
5131	0.3205911728
5132	0.320589436
5133	0.3205705674
5134	0.3205605146
5135	0.3205594997
5136	0.3205572603
5137	0.3205555561
5138	0.3205547427
5139	0.3205408164
5140	0.320540537
5141	0.320539841
5142	0.3205061017
5143	0.3205053733
5144	0.320503873
5145	0.3205038689
5146	0.3205029391
5147	0.3204992833
5148	0.3204980078
5149	0.3204973711
5150	0.3204818178
5151	0.3204587148
5152	0.320457335
5153	0.3204564683
5154	0.320454557
5155	0.3204328114
5156	0.32043215
5157	0.3204310024
5158	0.3204309606
5159	0.3204134991
5160	0.3204131278
5161	0.3204107911
5162	0.3204097043
5163	0.3204061039
5164	0.3204050763
5165	0.3204047207
5166	0.3204030623
5167	0.3203969243
5168	0.3203961581
5169	0.3203842873
5170	0.3203804652
5171	0.3203728902
5172	0.3203643555
5173	0.3203432308
5174	0.3203226495
5175	0.3203226227
5176	0.3203212915
5177	0.3203096092
5178	0.3203078589
5179	0.3203027905
5180	0.3202952047
5181	0.3202937298
5182	0.3202890172
5183	0.3202857558
5184	0.3202710625
5185	0.3202427429
5186	0.3202391983
5187	0.32022075
5188	0.3202197171
5189	0.3202196187
5190	0.3201979168
5191	0.3201964321
5192	0.3201957361
5193	0.3201781435
5194	0.3201743347
5195	0.3201713513
5196	0.3201697075
5197	0.3201392001
5198	0.3201282291
5199	0.3201275503
5200	0.3200930209
5201	0.3200894073
5202	0.3200885271
5203	0.3200584722
5204	0.3200574598
5205	0.3200425834
5206	0.3200291568
5207	0.3200222757
5208	0.3200048226
5209	0.3200038239
5210	0.3199633496
5211	0.3199624229
5212	0.3199395616
5213	0.3199395428
5214	0.3199279947
5215	0.3199273327
5216	0.3198973526
5217	0.3198971826
5218	0.319895796
5219	0.3198956839
5220	0.3198945533
5221	0.3198935368
5222	0.3198926927
5223	0.3198902764
5224	0.3198902274
5225	0.319887019
5226	0.3198857414
5227	0.3198829305
5228	0.3198822755
5229	0.3198656075
5230	0.3198643361
5231	0.3198627936
5232	0.3198496364
5233	0.3198487919
5234	0.3198482118
5235	0.3198385595
5236	0.3198289025
5237	0.3198071011
5238	0.3197767973
5239	0.3197610855
5240	0.3197604672
5241	0.3197327818
5242	0.3197195879
5243	0.319719586
5244	0.3197187108
5245	0.3197186855
5246	0.3197132471
5247	0.3197087603
5248	0.3197076829
5249	0.319706861
5250	0.3197066139
5251	0.3196906557
5252	0.3196758735
5253	0.3196728467
5254	0.3196572054
5255	0.3196559855
5256	0.3196542887
5257	0.3196432349
5258	0.3196341342
5259	0.3196323819
5260	0.3196099013
5261	0.3196098816
5262	0.3196023469
5263	0.3195990876
5264	0.3195989572
5265	0.3195770209
5266	0.3195690942
5267	0.3195681525
5268	0.3195667049
5269	0.3195657694
5270	0.3195656273
5271	0.3195651389
5272	0.3195493206
5273	0.3195370677
5274	0.3195092043
5275	0.3195077232
5276	0.3195065833
5277	0.3195052064
5278	0.3194978152
5279	0.3194662345
5280	0.3194639379
5281	0.3194485593
5282	0.3194091543
5283	0.3193945298
5284	0.3193938718
5285	0.3193911072
5286	0.3193882658
5287	0.3193716478
5288	0.3193524076
5289	0.3193484416
5290	0.3193419104
5291	0.3193406823
5292	0.3193263195
5293	0.3193260059
5294	0.3193094994
5295	0.3193085723
5296	0.3193033617
5297	0.3193029722
5298	0.3192909409
5299	0.3192864607
5300	0.3192736194
5301	0.3192635441
5302	0.3192505115
5303	0.3192487193
5304	0.3192332054
5305	0.3192252755
5306	0.3192250239
5307	0.3192064978
5308	0.3192045658
5309	0.3191896329
5310	0.3191863662
5311	0.3191848792
5312	0.3191638887
5313	0.3191623228
5314	0.3191617306
5315	0.3191341106
5316	0.3191257729
5317	0.3191245515
5318	0.3191048627
5319	0.3191039991
5320	0.3191026511
5321	0.3190727414
5322	0.3190723748
5323	0.3190597121
5324	0.3190305976
5325	0.3190007214
5326	0.3189998606
5327	0.3189819168
5328	0.3189807005
5329	0.3189803668
5330	0.3189487052
5331	0.318947521
5332	0.3189454996
5333	0.3189314239
5334	0.3189256757
5335	0.3189237784
5336	0.3189232398
5337	0.3189221953
5338	0.3189211164
5339	0.3189204665
5340	0.318893025
5341	0.3188863693
5342	0.3188844292
5343	0.3188829828
5344	0.3188829821
5345	0.3188534571
5346	0.3188521276
5347	0.3188308349
5348	0.3188236757
5349	0.3188207472
5350	0.318819931
5351	0.3188111472
5352	0.3188111623
5353	0.3187940168
5354	0.3187926546
5355	0.3187869361
5356	0.3187700126
5357	0.3187658833
5358	0.3187652602
5359	0.3187239442
5360	0.3187019074
5361	0.3186997807
5362	0.3186954337
5363	0.3186929502
5364	0.3186919112
5365	0.3186918992
5366	0.318690568
5367	0.3186897311
5368	0.3186853892
5369	0.3186850788
5370	0.3186728616
5371	0.3186400948
5372	0.3186189958
5373	0.3186188586
5374	0.3186183965
5375	0.3185829009
5376	0.3185824245
5377	0.3185821414
5378	0.3185799749
5379	0.318579631
5380	0.318577676
5381	0.3185591565
5382	0.3185485966
5383	0.3185278532
5384	0.3185271811
5385	0.3185260646
5386	0.3185098112
5387	0.3185097915
5388	0.318508976
5389	0.3185085654
5390	0.3185062054
5391	0.3184936037
5392	0.3184799757
5393	0.3184737438
5394	0.3184503881
5395	0.318448133
5396	0.3184421435
5397	0.3184372566
5398	0.3184306541
5399	0.3184194124
5400	0.3184178652
5401	0.3184160892
5402	0.3184134596
5403	0.3184121662
5404	0.3184121923
5405	0.3183961121
5406	0.3183902187
5407	0.3183799754
5408	0.3183555162
5409	0.3183389969
5410	0.3183324574
5411	0.3183317616
5412	0.3183137676
5413	0.3183118419
5414	0.3183102875
5415	0.3183088013
5416	0.3182949231
5417	0.3182808525
5418	0.3182741034
5419	0.3182740905
5420	0.3182653313
5421	0.3182623727
5422	0.3182503705
5423	0.3182497957
5424	0.3182335096
5425	0.3182334488
5426	0.318232165
5427	0.318231692
5428	0.3182108341
5429	0.3182003373
5430	0.3181982893
5431	0.3181930902
5432	0.3181774666
5433	0.3181761491
5434	0.3181729712
5435	0.3181729698
5436	0.3181716739
5437	0.3181716293
5438	0.3181588554
5439	0.3181474674
5440	0.3181184397
5441	0.3181112388
5442	0.3181098953
5443	0.3181095369
5444	0.3181036583
5445	0.3180880688
5446	0.3180851194
5447	0.3180601212
5448	0.3180597641
5449	0.3180591784
5450	0.3180424668
5451	0.3180409793
5452	0.3180408041
5453	0.3180391284
5454	0.3180348257
5455	0.3180347369
5456	0.3180337584
5457	0.3180307225
5458	0.3180206949
5459	0.3180069396
5460	0.3179955167
5461	0.3179723918
5462	0.3179689182
5463	0.317968331
5464	0.3179677677
5465	0.3179669058
5466	0.3179590747
5467	0.317933867
5468	0.3179169993
5469	0.3179094348
5470	0.3179043065
5471	0.3179033978
5472	0.3179025149
5473	0.3178857077
5474	0.3178848042
5475	0.3178807124
5476	0.3178801435
5477	0.3178776364
5478	0.3178672572
5479	0.3178512304
5480	0.3178476621
5481	0.3178385585
5482	0.317813191
5483	0.3177914811
5484	0.3177909198
5485	0.3177638966
5486	0.3177494941
5487	0.3177400782
5488	0.3177394027
5489	0.3177388132
5490	0.3177353967
5491	0.317733293
5492	0.3177289269
5493	0.317707501
5494	0.3177031491
5495	0.3176714315
5496	0.3176549135
5497	0.3176538945
5498	0.3176449677
5499	0.3176282944
5500	0.3176188563
5501	0.3176184841
5502	0.3176177006
5503	0.3176114593
5504	0.3176112673
5505	0.3176077651
5506	0.3175936799
5507	0.3175722741
5508	0.3175578746
5509	0.317552624
5510	0.3175421464
5511	0.3175414491
5512	0.317540165
5513	0.3175376533
5514	0.3175355523
5515	0.3175204127
5516	0.3175200101
5517	0.3175106646
5518	0.317510257
5519	0.3175098364
5520	0.3175093224
5521	0.3175000376
5522	0.3174965697
5523	0.3174796399
5524	0.317470286
5525	0.3174688583
5526	0.3174677613
5527	0.3174668051
5528	0.3174512574
5529	0.3174323854
5530	0.3174306689
5531	0.3174297759
5532	0.3174216191
5533	0.3174122288
5534	0.3173821288
5535	0.3173666037
5536	0.3173561816
5537	0.317329199
5538	0.3173282755
5539	0.3173132026
5540	0.3173110485
5541	0.3173039072
5542	0.3173005664
5543	0.3172991896
5544	0.317297217
5545	0.3172964089
5546	0.3172954606
5547	0.3172948371
5548	0.3172920321
5549	0.3172898886
5550	0.3172898977
5551	0.3172548438
5552	0.3172465331
5553	0.3172458452
5554	0.3172270621
5555	0.3172158424
5556	0.3172143136
5557	0.3172125839
5558	0.317207671
5559	0.3171878867
5560	0.3171863741
5561	0.3171662518
5562	0.3171428474
5563	0.3171399292
5564	0.3171295102
5565	0.3171290515
5566	0.3171279993
5567	0.317125998
5568	0.317124331
5569	0.3171239069
5570	0.3171221245
5571	0.3171167987
5572	0.3171082544
5573	0.3171068198
5574	0.3171047258
5575	0.3170912671
5576	0.3170905743
5577	0.3170770236
5578	0.3170769371
5579	0.3170647896
5580	0.3170608675
5581	0.3170560192
5582	0.3170554989
5583	0.3170551365
5584	0.3170540483
5585	0.317052856
5586	0.3170378105
5587	0.3170115608
5588	0.3170100419
5589	0.317001192
5590	0.3169915202
5591	0.3169848094
5592	0.3169798188
5593	0.3169791569
5594	0.3169751614
5595	0.3169746147
5596	0.3169676843
5597	0.3169303897
5598	0.3169299077
5599	0.3169281253
5600	0.3169207381
5601	0.3169082227
5602	0.3169062
5603	0.3169031108
5604	0.316902158
5605	0.3169016821
5606	0.3169010144
5607	0.316874134
5608	0.3168657743
5609	0.3168590578
5610	0.3168475309
5611	0.3168467562
5612	0.3168286309
5613	0.3168230324
5614	0.3168064514
5615	0.3167795579
5616	0.3167780775
5617	0.3167704359
5618	0.3167698897
5619	0.3167594927
5620	0.3167410571
5621	0.3167278509
5622	0.316718784
5623	0.3167182415
5624	0.3166970924
5625	0.3166956119
5626	0.3166805338
5627	0.3166804802
5628	0.316675026
5629	0.3166664225
5630	0.3166654622
5631	0.3166559044
5632	0.3166549589
5633	0.3166536524
5634	0.3166523818
5635	0.316640397
5636	0.316638585
5637	0.316622407
5638	0.3166169585
5639	0.3166053951
5640	0.3166037518
5641	0.3166023586
5642	0.3165659282
5643	0.3165457729
5644	0.3165447739
5645	0.3165397205
5646	0.3165137654
5647	0.3165108392
5648	0.3165089686
5649	0.3165049709
5650	0.3164925024
5651	0.3164924354
5652	0.3164704204
5653	0.3164616265
5654	0.3164522039
5655	0.3164517158
5656	0.316451047
5657	0.3164496499
5658	0.3164368261
5659	0.3164215536
5660	0.3164159141
5661	0.3163978554
5662	0.3163974157
5663	0.3163968702
5664	0.3163687125
5665	0.316368705
5666	0.3163684966
5667	0.3163677143
5668	0.3163517695
5669	0.3163504232
5670	0.3163497563
5671	0.316349404
5672	0.3163490069
5673	0.3163483672
5674	0.3163176166
5675	0.3163154601
5676	0.3163143495
5677	0.3163138916
5678	0.31631123
5679	0.3162924738
5680	0.3162906382
5681	0.3162866827
5682	0.3162728324
5683	0.3162719607
5684	0.3162571988
5685	0.3162489368
5686	0.3162321841
5687	0.3162300641
5688	0.3162297291
5689	0.3162256502
5690	0.3162250996
5691	0.3162088439
5692	0.3162071625
5693	0.3162006895
5694	0.3161881945
5695	0.3161872267
5696	0.3161862571
5697	0.3161854036
5698	0.3161845038
5699	0.3161777653
5700	0.3161749253
5701	0.3161519787
5702	0.3161513696
5703	0.3161509026
5704	0.3161400029
5705	0.3161396681
5706	0.3161391589
5707	0.3161094381
5708	0.3161086712
5709	0.3160821835
5710	0.3160818243
5711	0.3160661041
5712	0.3160624185
5713	0.3160449647
5714	0.316044266
5715	0.3160442467
5716	0.3160373258
5717	0.316028538
5718	0.3160266211
5719	0.316026473
5720	0.3160254992
5721	0.3159959992
5722	0.3159539147
5723	0.3159517991
5724	0.3159497901
5725	0.31594946
5726	0.3159355741
5727	0.3159345688
5728	0.315903422
5729	0.3158819114
5730	0.3158761151
5731	0.3158699388
5732	0.3158578002
5733	0.3158394923
5734	0.3158136877
5735	0.3158133867
5736	0.3158027909
5737	0.31578388
5738	0.3157835377
5739	0.315778863
5740	0.3157747248
5741	0.3157728053
5742	0.3157595066
5743	0.3157559808
5744	0.3157469606
5745	0.3157239858
5746	0.3157154354
5747	0.3157117002
5748	0.3157068607
5749	0.3156988009
5750	0.315686422
5751	0.3156825156
5752	0.3156766672
5753	0.3156745011
5754	0.3156490578
5755	0.3156481355
5756	0.3156394815
5757	0.3156208204
5758	0.3155980336
5759	0.3155829649
5760	0.3155809281
5761	0.3155789036
5762	0.3155655115
5763	0.3155578707
5764	0.315557874
5765	0.315554703
5766	0.3155532936
5767	0.3155370377
5768	0.3155151317
5769	0.3155108859
5770	0.3155058092
5771	0.3155006661
5772	0.3155004975
5773	0.3154852896
5774	0.3154844739
5775	0.3154492915
5776	0.3154492344
5777	0.3154454373
5778	0.3154447366
5779	0.3154363882
5780	0.3154345744
5781	0.3154304601
5782	0.3154071878
5783	0.3154043892
5784	0.3153879567
5785	0.3153870922
5786	0.3153861393
5787	0.3153653953
5788	0.3153600218
5789	0.3153597667
5790	0.3153594249
5791	0.3153560032
5792	0.3153515562
5793	0.3153508316
5794	0.3153485043
5795	0.3153453586
5796	0.3153440722
5797	0.3153390077
5798	0.3153376829
5799	0.3153277789
5800	0.3153271522
5801	0.3153244261
5802	0.3153185715
5803	0.315318216
5804	0.3153087636
5805	0.3152704652
5806	0.3152695164
5807	0.3152668341
5808	0.3152665249
5809	0.3152557162
5810	0.3152495326
5811	0.3152261497
5812	0.3152235186
5813	0.3152145447
5814	0.3151936481
5815	0.3151901763
5816	0.3151894276
5817	0.3151845246
5818	0.3151700566
5819	0.315168625
5820	0.3151671396
5821	0.3151545171
5822	0.3151356114
5823	0.3151348904
5824	0.315108772
5825	0.3151041392
5826	0.3150809441
5827	0.3150805574
5828	0.3150598163
5829	0.3150590897
5830	0.3150348123
5831	0.31503478
5832	0.315030491
5833	0.3150297132
5834	0.3150265216
5835	0.3150251883
5836	0.3150203669
5837	0.3150202694
5838	0.3150033829
5839	0.315002463
5840	0.3150017683
5841	0.3149951514
5842	0.3149792663
5843	0.3149559075
5844	0.3149295834
5845	0.3149276318
5846	0.3149267413
5847	0.3149257122
5848	0.3149248677
5849	0.3149234746
5850	0.3149232112
5851	0.3149228602
5852	0.3149223689
5853	0.3149142915
5854	0.3149135364
5855	0.3149126016
5856	0.3149093024
5857	0.3149092879
5858	0.3149044474
5859	0.3148899946
5860	0.3148889691
5861	0.3148669816
5862	0.3148466579
5863	0.3148463273
5864	0.3148395323
5865	0.3148385545
5866	0.3148208169
5867	0.314806889
5868	0.3148054637
5869	0.3148054743
5870	0.3147903282
5871	0.3147713903
5872	0.3147473457
5873	0.3147297032
5874	0.3147273767
5875	0.3147270295
5876	0.3147023171
5877	0.3147015774
5878	0.3146941796
5879	0.3146815307
5880	0.3146800661
5881	0.3146795629
5882	0.3146626878
5883	0.3146614911
5884	0.3146515949
5885	0.3146445762
5886	0.3146439561
5887	0.3146338023
5888	0.3146336862
5889	0.3146274171
5890	0.3146267177
5891	0.3146263503
5892	0.3146164866
5893	0.3146155012
5894	0.3146151621
5895	0.3146093871
5896	0.3146093393
5897	0.3146082975
5898	0.3145948327
5899	0.3145565984
5900	0.3145559248
5901	0.314555387
5902	0.3145553683
5903	0.314549742
5904	0.3145359438
5905	0.3145341588
5906	0.314524846
5907	0.3145050345
5908	0.3144740956
5909	0.3144440094
5910	0.3144423544
5911	0.3144416276
5912	0.314437447
5913	0.3144332861
5914	0.3144332176
5915	0.3144092863
5916	0.3143715035
5917	0.3143619826
5918	0.3143608043
5919	0.3143528168
5920	0.3143498299
5921	0.314349841
5922	0.3143427217
5923	0.314319635
5924	0.314313449
5925	0.314313436
5926	0.3143124789
5927	0.3142988149
5928	0.3142836677
5929	0.3142806999
5930	0.3142791736
5931	0.3142786063
5932	0.314272829
5933	0.3142725169
5934	0.3142721998
5935	0.3142715792
5936	0.3142658973
5937	0.3142527046
5938	0.3142333117
5939	0.3142169812
5940	0.314208197
5941	0.3142025303
5942	0.3142013446
5943	0.3141995816
5944	0.3141877821
5945	0.3141585761
5946	0.3141567362
5947	0.3141536265
5948	0.3141525146
5949	0.3141514042
5950	0.314143618
5951	0.314141918
5952	0.3141373963
5953	0.3141213365
5954	0.3140985554
5955	0.3140981142
5956	0.3140953815
5957	0.3140879703
5958	0.3140807603
5959	0.3140570325
5960	0.3140543808
5961	0.3140526079
5962	0.3140505514
5963	0.3140337798
5964	0.3140214142
5965	0.3140174961
5966	0.3140062402
5967	0.3139875261
5968	0.3139763971
5969	0.3139533202
5970	0.3139518932
5971	0.3139517753
5972	0.313937459
5973	0.3139368578
5974	0.3139358435
5975	0.3139356516
5976	0.3139350011
5977	0.3139242878
5978	0.3139122702
5979	0.3139064649
5980	0.3139019007
5981	0.3139009898
5982	0.3138812537
5983	0.3138809264
5984	0.3138648738
5985	0.3138635626
5986	0.3138613169
5987	0.313861306
5988	0.3138609612
5989	0.3138599167
5990	0.3138286489
5991	0.3138279193
5992	0.3138088849
5993	0.3138085114
5994	0.3138083727
5995	0.3137807517
5996	0.3137647664
5997	0.3137607998
5998	0.3137606046
5999	0.3137593687
6000	0.3137567299
6001	0.3137562233
6002	0.3137559038
6003	0.3137554426
6004	0.3137259948
6005	0.313713425
6006	0.3137006836
6007	0.3136778377
6008	0.3136759955
6009	0.3136515508
6010	0.3136493009
6011	0.313648835
6012	0.3136480615
6013	0.3136472797
6014	0.3136416625
6015	0.3136352417
6016	0.3136217099
6017	0.313619959
6018	0.3136193641
6019	0.3136181811
6020	0.3136177572
6021	0.3136164603
6022	0.3135956687
6023	0.3135876259
6024	0.3135861328
6025	0.3135612945
6026	0.3135603314
6027	0.3135516691
6028	0.3135508759
6029	0.3135472756
6030	0.3135453151
6031	0.3135446916
6032	0.3135210685
6033	0.313520608
6034	0.3135184697
6035	0.3135092422
6036	0.3135081647
6037	0.3135044024
6038	0.31349985
6039	0.3134994567
6040	0.3134993158
6041	0.3134724762
6042	0.3134724918
6043	0.31347024
6044	0.313454896
6045	0.3134451306
6046	0.3134307669
6047	0.3134294013
6048	0.3134285886
6049	0.3134143249
6050	0.3134134704
6051	0.31340539
6052	0.3134021164
6053	0.313401461
6054	0.3133958654
6055	0.3133955849
6056	0.3133845863
6057	0.3133730192
6058	0.3133724011
6059	0.3133573146
6060	0.3133501385
6061	0.3133495117
6062	0.3133443491
6063	0.3133222213
6064	0.3133203828
6065	0.3133174308
6066	0.3133146967
6067	0.313312834
6068	0.3132991261
6069	0.3132989109
6070	0.3132895473
6071	0.3132725513
6072	0.3132722189
6073	0.3132710389
6074	0.3132702054
6075	0.3132698937
6076	0.3132636382
6077	0.313262804
6078	0.3132620832
6079	0.3132521782
6080	0.313232216
6081	0.3132317625
6082	0.3132310469
6083	0.3132263679
6084	0.3131949051
6085	0.313190872
6086	0.3131808041
6087	0.3131766754
6088	0.3131725302
6089	0.313169446
6090	0.313158883
6091	0.3131577579
6092	0.3131572476
6093	0.3131557896
6094	0.313123734
6095	0.3131227124
6096	0.313104408
6097	0.3130895559
6098	0.3130881835
6099	0.3130875785
6100	0.3130864517
6101	0.3130854915
6102	0.3130851477
6103	0.3130682795
6104	0.3130676622
6105	0.3130368723
6106	0.3130319452
6107	0.3129993259
6108	0.3129984116
6109	0.3129811345
6110	0.31298021
6111	0.3129792022
6112	0.312975545
6113	0.3129737525
6114	0.3129737151
6115	0.3129622051
6116	0.3129406442
6117	0.3129220724
6118	0.312898013
6119	0.3128907544
6120	0.3128635659
6121	0.3128487577
6122	0.3128462098
6123	0.3128203956
6124	0.3128196562
6125	0.3128194083
6126	0.3128187808
6127	0.3127977331
6128	0.3127740342
6129	0.3127518387
6130	0.3127516569
6131	0.3127467772
6132	0.3127416348
6133	0.3127351482
6134	0.3127344967
6135	0.3127336429
6136	0.3127331721
6137	0.3127295172
6138	0.3127158949
6139	0.3127149248
6140	0.3127114416
6141	0.312695207
6142	0.3126586756
6143	0.3126379845
6144	0.3126364589
6145	0.3126356111
6146	0.3126354824
6147	0.3126182824
6148	0.3126062645
6149	0.3126056761
6150	0.3125808371
6151	0.3125800435
6152	0.3125796111
6153	0.3125569305
6154	0.3125556962
6155	0.3125340555
6156	0.312518538
6157	0.3125143725
6158	0.3125133991
6159	0.3125092201
6160	0.3125087643
6161	0.3125080434
6162	0.3124878532
6163	0.3124654604
6164	0.3124640405
6165	0.3124629549
6166	0.3124619959
6167	0.3124614435
6168	0.3124599404
6169	0.312453989
6170	0.3124539683
6171	0.3124442359
6172	0.3124212065
6173	0.3124199886
6174	0.3124192843
6175	0.3124184412
6176	0.3124156849
6177	0.3124043495
6178	0.3124035984
6179	0.3124035648
6180	0.3123936339
6181	0.3123577648
6182	0.312333322
6183	0.3123235142
6184	0.3123211381
6185	0.3123067177
6186	0.3123015699
6187	0.3122808841
6188	0.3122495629
6189	0.3122313376
6190	0.3122310765
6191	0.3122106511
6192	0.3122041262
6193	0.3121826439
6194	0.3121802029
6195	0.3121502599
6196	0.3121462838
6197	0.3121390784
6198	0.312126578
6199	0.3121254811
6200	0.3121250094
6201	0.3121072601
6202	0.3121065691
6203	0.3120899878
6204	0.312077706
6205	0.3120692677
6206	0.3120476338
6207	0.3120474934
6208	0.312032052
6209	0.3120103317
6210	0.3119826999
6211	0.3119679551
6212	0.3119663114
6213	0.3119656672
6214	0.3119642896
6215	0.3119363452
6216	0.3119358334
6217	0.3119092588
6218	0.3119085014
6219	0.3119009469
6220	0.3118871065
6221	0.3118772673
6222	0.3118740627
6223	0.3118327514
6224	0.3118324393
6225	0.3118187891
6226	0.3118184526
6227	0.3118176737
6228	0.3118041368
6229	0.311801741
6230	0.3117848656
6231	0.3117811288
6232	0.3117801408
6233	0.3117702249
6234	0.3117599251
6235	0.3117396703
6236	0.3117385893
6237	0.311737255
6238	0.3117285783
6239	0.3117129501
6240	0.3116980367
6241	0.3116957796
6242	0.3116922697
6243	0.3116869341
6244	0.3116681067
6245	0.3116668302
6246	0.3116604625
6247	0.3116603393
6248	0.3116410417
6249	0.3116297729
6250	0.3116268562
6251	0.3116254742
6252	0.3116078446
6253	0.3116078108
6254	0.3115932914
6255	0.3115865524
6256	0.3115835033
6257	0.311562606
6258	0.3115444258
6259	0.3115392785
6260	0.3115385517
6261	0.3115266267
6262	0.3115222848
6263	0.311510147
6264	0.3115094641
6265	0.3115084127
6266	0.3114832048
6267	0.3114754991
6268	0.3114711101
6269	0.311469891
6270	0.3114550872
6271	0.3114533862
6272	0.3114292605
6273	0.3114268704
6274	0.3114265193
6275	0.3114224196
6276	0.3114212666
6277	0.3114117327
6278	0.3114102339
6279	0.3114097408
6280	0.3114097254
6281	0.3113954423
6282	0.3113879314
6283	0.3113863479
6284	0.3113837623
6285	0.311359259
6286	0.3113589074
6287	0.31134979
6288	0.3113290361
6289	0.3113282724
6290	0.3113223789
6291	0.3113203264
6292	0.311300357
6293	0.3112975833
6294	0.3112963402
6295	0.3112754281
6296	0.3112687912
6297	0.311267944
6298	0.3112667301
6299	0.3112649073
6300	0.3112586686
6301	0.3112573151
6302	0.3112572389
6303	0.3112319617
6304	0.3112314112
6305	0.3112233689
6306	0.3112226374
6307	0.3112091272
6308	0.3111899038
6309	0.3111880238
6310	0.3111824927
6311	0.3111818923
6312	0.3111809943
6313	0.3111803005
6314	0.3111662314
6315	0.3111655014
6316	0.3111612507
6317	0.3111608599
6318	0.3111606728
6319	0.3111390549
6320	0.3111385406
6321	0.3111373647
6322	0.3111306697
6323	0.3111300115
6324	0.3111065021
6325	0.3110968006
6326	0.3110917816
6327	0.3110886396
6328	0.3110791794
6329	0.3110787819
6330	0.311077998
6331	0.3110708961
6332	0.3110660485
6333	0.3110639516
6334	0.3110626263
6335	0.3110618088
6336	0.3110435
6337	0.3110414729
6338	0.3110329197
6339	0.3110300697
6340	0.3110155988
6341	0.3110056781
6342	0.3110007914
6343	0.3109971052
6344	0.3109843285
6345	0.3109725813
6346	0.3109595247
6347	0.3109503077
6348	0.3109489171
6349	0.3109369073
6350	0.3109278247
6351	0.310925203
6352	0.3109234752
6353	0.3109224571
6354	0.310913055
6355	0.3109117086
6356	0.310910667
6357	0.3109085419
6358	0.310891876
6359	0.3108916501
6360	0.3108901864
6361	0.3108769301
6362	0.3108555091
6363	0.3108550065
6364	0.3108541488
6365	0.3108308352
6366	0.310828661
6367	0.3107989416
6368	0.3107953929
6369	0.3107723227
6370	0.3107638918
6371	0.3107551192
6372	0.3107546821
6373	0.3107540958
6374	0.3107456883
6375	0.3107455026
6376	0.3107449397
6377	0.3107183295
6378	0.310704124
6379	0.3106975796
6380	0.3106837865
6381	0.3106816746
6382	0.3106794568
6383	0.3106593475
6384	0.3106579393
6385	0.3106451766
6386	0.3106187499
6387	0.3106075077
6388	0.3106039298
6389	0.3105934875
6390	0.3105790447
6391	0.3105784593
6392	0.3105695668
6393	0.3105680754
6394	0.3105479377
6395	0.3105378966
6396	0.3105331
6397	0.310528469
6398	0.3105032935
6399	0.3105031962
6400	0.3105022102
6401	0.3105018203
6402	0.3104978422
6403	0.3104947389
6404	0.3104938403
6405	0.3104810652
6406	0.3104716089
6407	0.3104706565
6408	0.3104652498
6409	0.3104650211
6410	0.3104646164
6411	0.3104419444
6412	0.3104381254
6413	0.3104371274
6414	0.3104212652
6415	0.3104204859
6416	0.3104171938
6417	0.3103986734
6418	0.3103925438
6419	0.3103764454
6420	0.3103708639
6421	0.3103705335
6422	0.3103552844
6423	0.3103544861
6424	0.3103468307
6425	0.3103233582
6426	0.3103196576
6427	0.3103187015
6428	0.3102955434
6429	0.3102826431
6430	0.3102706617
6431	0.3102523872
6432	0.3102290948
6433	0.3102279474
6434	0.3102021918
6435	0.3101967184
6436	0.3101767733
6437	0.3101753592
6438	0.310171904
6439	0.3101706049
6440	0.3101690014
6441	0.3101588933
6442	0.3101496472
6443	0.3101485124
6444	0.3101458394
6445	0.3101336287
6446	0.3101330419
6447	0.3101195549
6448	0.3101188462
6449	0.3101182806
6450	0.3101182783
6451	0.3101182518
6452	0.3101182395
6453	0.3100850726
6454	0.310059917
6455	0.310047272
6456	0.3100403347
6457	0.3100279661
6458	0.3100073249
6459	0.3099834326
6460	0.3099831907
6461	0.3099827921
6462	0.3099805159
6463	0.3099569495
6464	0.3099510034
6465	0.3099457719
6466	0.3099416568
6467	0.3099399263
6468	0.3099292091
6469	0.3099278509
6470	0.3099152788
6471	0.3099138299
6472	0.3099132056
6473	0.309912917
6474	0.3099118057
6475	0.3099110326
6476	0.3099074971
6477	0.3099074687
6478	0.3099041854
6479	0.309901758
6480	0.3098997197
6481	0.3098863048
6482	0.3098849062
6483	0.3098845378
6484	0.3098809431
6485	0.3098608137
6486	0.309858251
6487	0.3098554643
6488	0.3098537212
6489	0.3098351477
6490	0.3098330133
6491	0.309832236
6492	0.3098125284
6493	0.3098063779
6494	0.3098054537
6495	0.309805058
6496	0.3097833376
6497	0.3097625772
6498	0.3097624404
6499	0.3097623283
6500	0.3097517612
6501	0.3097512996
6502	0.3097505456
6503	0.3097496999
6504	0.3097483952
6505	0.3097380159
6506	0.3097276983
6507	0.3097265434
6508	0.3097234666
6509	0.3097144157
6510	0.3097131387
6511	0.3097127619
6512	0.3097041358
6513	0.3096903787
6514	0.3096890845
6515	0.3096876595
6516	0.3096850101
6517	0.309681329
6518	0.3096687613
6519	0.3096488534
6520	0.3096262122
6521	0.309613312
6522	0.3096027265
6523	0.3096021575
6524	0.3095980721
6525	0.3095747785
6526	0.3095669386
6527	0.309564507
6528	0.3095499502
6529	0.3095390944
6530	0.3095387498
6531	0.3095383732
6532	0.3095380789
6533	0.309513774
6534	0.3094915972
6535	0.3094836732
6536	0.3094826271
6537	0.3094662375
6538	0.3094656765
6539	0.3094612519
6540	0.3094507833
6541	0.3094406833
6542	0.3094289571
6543	0.3094282472
6544	0.3094071588
6545	0.3094052853
6546	0.309403496
6547	0.3093994295
6548	0.309398543
6549	0.3093969787
6550	0.3093874018
6551	0.3093846572
6552	0.3093836508
6553	0.3093602763
6554	0.309359496
6555	0.3093566939
6556	0.3093559232
6557	0.3093532531
6558	0.3093291871
6559	0.3093141068
6560	0.3093137482
6561	0.3093033546
6562	0.3093015622
6563	0.3092980781
6564	0.3092978699
6565	0.3092945914
6566	0.3092941185
6567	0.3092834585
6568	0.3092584723
6569	0.3092424057
6570	0.3092307678
6571	0.3092250076
6572	0.309222253
6573	0.3092212926
6574	0.3091974725
6575	0.3091967144
6576	0.3091923164
6577	0.3091768756
6578	0.3091764702
6579	0.3091731176
6580	0.3091684816
6581	0.3091550097
6582	0.309153715
6583	0.3091465337
6584	0.3091421366
6585	0.3091421496
6586	0.3091421186
6587	0.3091402413
6588	0.3091396011
6589	0.3091349806
6590	0.3091306239
6591	0.3091272126
6592	0.3091163812
6593	0.3091039494
6594	0.3090942286
6595	0.3090805962
6596	0.3090630839
6597	0.3090419124
6598	0.3090278631
6599	0.309010558
6600	0.3089898206
6601	0.3089890651
6602	0.3089880039
6603	0.308986877
6604	0.3089838724
6605	0.3089802587
6606	0.3089628539
6607	0.3089477423
6608	0.3089469746
6609	0.3089404367
6610	0.3089221784
6611	0.3089207085
6612	0.3089204249
6613	0.308905333
6614	0.3089024615
6615	0.3089003923
6616	0.3088997972
6617	0.3088966502
6618	0.3088902643
6619	0.3088519168
6620	0.3088498985
6621	0.3088466433
6622	0.3088461128
6623	0.3088458311
6624	0.3088456523
6625	0.3088434887
6626	0.3088301674
6627	0.3088288105
6628	0.3088275919
6629	0.3088123391
6630	0.3088123294
6631	0.3088119465
6632	0.3088096388
6633	0.3088073489
6634	0.3087923283
6635	0.3087916767
6636	0.3087735976
6637	0.3087617677
6638	0.3087340734
6639	0.3087330704
6640	0.3087326555
6641	0.3087211059
6642	0.3087204458
6643	0.3087131677
6644	0.3086966683
6645	0.3086811648
6646	0.3086602063
6647	0.3086529697
6648	0.3086518232
6649	0.3086511473
6650	0.3086311347
6651	0.3086051443
6652	0.3085933197
6653	0.3085921394
6654	0.3085697132
6655	0.3085684728
6656	0.3085677595
6657	0.3085531393
6658	0.308537263
6659	0.3085365899
6660	0.3085362759
6661	0.3085119561
6662	0.3084914502
6663	0.3084906584
6664	0.3084896094
6665	0.3084865618
6666	0.3084761631
6667	0.308468751
6668	0.3084570313
6669	0.308440375
6670	0.3084400187
6671	0.3084339964
6672	0.3084290898
6673	0.308428461
6674	0.3084086081
6675	0.3083941637
6676	0.3083939826
6677	0.3083753637
6678	0.3083615242
6679	0.3083605929
6680	0.3083237844
6681	0.3083126154
6682	0.3083119668
6683	0.3082851293
6684	0.3082571322
6685	0.3082399549
6686	0.3082380025
6687	0.3082370167
6688	0.3082369367
6689	0.3082348369
6690	0.3082235521
6691	0.3082071365
6692	0.3082066152
6693	0.308205106
6694	0.3081900598
6695	0.3081865251
6696	0.3081860135
6697	0.308180854
6698	0.3081806387
6699	0.3081758743
6700	0.3081720605
6701	0.3081718213
6702	0.3081707171
6703	0.3081494923
6704	0.3081484243
6705	0.3081476965
6706	0.3081226091
6707	0.3080916037
6708	0.3080902718
6709	0.3080686736
6710	0.3080615322
6711	0.3080579783
6712	0.3080575598
6713	0.3080570165
6714	0.3080563791
6715	0.3080548762
6716	0.3080438751
6717	0.3080342574
6718	0.3080128422
6719	0.3080028766
6720	0.3079990754
6721	0.3079964661
6722	0.3079933992
6723	0.3079905772
6724	0.307987785
6725	0.3079800713
6726	0.3079779615
6727	0.3079671846
6728	0.3079277946
6729	0.3079228964
6730	0.3079222524
6731	0.3079188068
6732	0.3079180196
6733	0.3079067515
6734	0.3078979737
6735	0.3078951901
6736	0.3078930216
6737	0.3078928442
6738	0.307891885
6739	0.3078705055
6740	0.3078666168
6741	0.3078661482
6742	0.307844323
6743	0.3078341376
6744	0.307817934
6745	0.3078058645
6746	0.3077901946
6747	0.3077901989
6748	0.3077900871
6749	0.3077836859
6750	0.3077805656
6751	0.3077735821
6752	0.3077537732
6753	0.3077478222
6754	0.3077365972
6755	0.3077204243
6756	0.3077106364
6757	0.3077091638
6758	0.3076817363
6759	0.3076794869
6760	0.3076788773
6761	0.3076595473
6762	0.3076569443
6763	0.3076494827
6764	0.3076456121
6765	0.3076447305
6766	0.3076382301
6767	0.3076149272
6768	0.3076090755
6769	0.3076083145
6770	0.3075887906
6771	0.3075887116
6772	0.3075782483
6773	0.3075735936
6774	0.3075489318
6775	0.3075453339
6776	0.3075434218
6777	0.3075292755
6778	0.3075245581
6779	0.3075135175
6780	0.3074988054
6781	0.3074766183
6782	0.3074673071
6783	0.3074516575
6784	0.3074452746
6785	0.3074445414
6786	0.3074424967
6787	0.307420399
6788	0.3074200486
6789	0.307389535
6790	0.3073885786
6791	0.3073731074
6792	0.3073669214
6793	0.307365772
6794	0.3073626376
6795	0.3073623948
6796	0.3073584513
6797	0.3073581578
6798	0.3073397889
6799	0.3073391414
6800	0.3073383175
6801	0.3073184841
6802	0.307316162
6803	0.3073111189
6804	0.3073107585
6805	0.3073098885
6806	0.307295036
6807	0.3072936587
6808	0.3072743026
6809	0.3072740115
6810	0.307264044
6811	0.3072635877
6812	0.307242429
6813	0.3072191636
6814	0.3071938671
6815	0.3071879813
6816	0.307184673
6817	0.3071844024
6818	0.3071660869
6819	0.3071650281
6820	0.3071623121
6821	0.3071586877
6822	0.3071580719
6823	0.3071530714
6824	0.3071483653
6825	0.3071375199
6826	0.3071204603
6827	0.3071178621
6828	0.3071166408
6829	0.3071044725
6830	0.3070766889
6831	0.3070497891
6832	0.3070478007
6833	0.3070477597
6834	0.3070143531
6835	0.3070099553
6836	0.3069889878
6837	0.3069774357
6838	0.3069739059
6839	0.3069729652
6840	0.3069456116
6841	0.3069300424
6842	0.3069296806
6843	0.3069219596
6844	0.3069035067
6845	0.3068770482
6846	0.3068497993
6847	0.3068483374
6848	0.3068454244
6849	0.3068334366
6850	0.3068330414
6851	0.3068291172
6852	0.3068281314
6853	0.3068266558
6854	0.3068234937
6855	0.3068210169
6856	0.306813664
6857	0.3068130797
6858	0.3068117312
6859	0.306800788
6860	0.3067974047
6861	0.3067972253
6862	0.3067927628
6863	0.3067912414
6864	0.306778892
6865	0.3067711712
6866	0.3067620872
6867	0.3067477667
6868	0.3067393909
6869	0.306722594
6870	0.306721627
6871	0.3067134788
6872	0.3066984342
6873	0.3066757495
6874	0.3066627812
6875	0.3066503665
6876	0.3066499341
6877	0.3066468576
6878	0.3066343501
6879	0.3066340734
6880	0.3066336968
6881	0.30663257
6882	0.306632033
6883	0.3066313159
6884	0.3066291265
6885	0.3066260336
6886	0.3066134388
6887	0.3066126376
6888	0.3066126123
6889	0.3066119875
6890	0.3065955884
6891	0.3065899013
6892	0.3065875949
6893	0.3065685516
6894	0.3065502883
6895	0.306528487
6896	0.3065193868
6897	0.3065012329
6898	0.3065012054
6899	0.3064781175
6900	0.3064662502
6901	0.3064649402
6902	0.3064538486
6903	0.3064506584
6904	0.306449897
6905	0.3064426618
6906	0.3064423574
6907	0.3064420823
6908	0.3064232181
6909	0.3064226018
6910	0.306397243
6911	0.306393364
6912	0.3063668449
6913	0.3063469535
6914	0.3063201223
6915	0.3062995186
6916	0.3062918108
6917	0.306290024
6918	0.3062895358
6919	0.3062735391
6920	0.3062438272
6921	0.306234916
6922	0.306226477
6923	0.3062245744
6924	0.3062245575
6925	0.306203249
6926	0.3061704495
6927	0.3061700258
6928	0.3061657974
6929	0.3061471832
6930	0.3061444451
6931	0.30614225
6932	0.3061400714
6933	0.3061285988
6934	0.3061133876
6935	0.3061120679
6936	0.3061062732
6937	0.3060965911
6938	0.306082276
6939	0.3060786975
6940	0.3060778294
6941	0.3060773818
6942	0.3060756026
6943	0.3060662665
6944	0.3060592046
6945	0.3060440312
6946	0.306042642
6947	0.3060425355
6948	0.3060415452
6949	0.3060408808
6950	0.3060210597
6951	0.3059959804
6952	0.3059957644
6953	0.3059921158
6954	0.3059892331
6955	0.3059890767
6956	0.3059813394
6957	0.305979565
6958	0.3059581735
6959	0.3059398174
6960	0.3059391128
6961	0.3059302118
6962	0.3059100489
6963	0.3058920817
6964	0.3058824034
6965	0.3058719919
6966	0.3058717302
6967	0.3058556823
6968	0.3058393059
6969	0.3058236457
6970	0.3058230198
6971	0.3058227293
6972	0.3058184366
6973	0.3058184365
6974	0.3058178667
6975	0.3058167267
6976	0.3058165777
6977	0.3058158018
6978	0.305814228
6979	0.3058130683
6980	0.3058120856
6981	0.3058068809
6982	0.3058047082
6983	0.3057834708
6984	0.3057688932
6985	0.3057688559
6986	0.3057636095
6987	0.3057578173
6988	0.3057419168
6989	0.305741146
6990	0.3057401559
6991	0.3057341562
6992	0.3057337671
6993	0.3057330823
6994	0.305729943
6995	0.3057295864
6996	0.3057272501
6997	0.3057042155
6998	0.3056908228
6999	0.3056888906
7000	0.3056694948
7001	0.3056655539
7002	0.3056363588
7003	0.3056165196
7004	0.3056159262
7005	0.3056063406
7006	0.3055904714
7007	0.3055845013
7008	0.3055720529
7009	0.305571553
7010	0.3055640081
7011	0.3055566191
7012	0.3055448647
7013	0.3055447096
7014	0.3055443827
7015	0.3055414035
7016	0.3055405683
7017	0.3055384112
7018	0.3055339866
7019	0.305515918
7020	0.3055155728
7021	0.3055154854
7022	0.3054940772
7023	0.3054674398
7024	0.3054598008
7025	0.3054591113
7026	0.3054270955
7027	0.3054107981
7028	0.3054009918
7029	0.3054008804
7030	0.3053935402
7031	0.3053935028
7032	0.3053933059
7033	0.3053754857
7034	0.3053749865
7035	0.3053737308
7036	0.3053677412
7037	0.3053554683
7038	0.3053539953
7039	0.3053417861
7040	0.3053311801
7041	0.305330955
7042	0.3053226289
7043	0.3053216612
7044	0.3053198544
7045	0.3053193432
7046	0.3053087736
7047	0.305305068
7048	0.3052923048
7049	0.3052912054
7050	0.3052819542
7051	0.3052627205
7052	0.3052603308
7053	0.3052545159
7054	0.3052487112
7055	0.3052207666
7056	0.3052201372
7057	0.3052182478
7058	0.3052153368
7059	0.3052109436
7060	0.3051999122
7061	0.3051957649
7062	0.3051773545
7063	0.3051761247
7064	0.3051758379
7065	0.305175346
7066	0.3051652113
7067	0.3051347741
7068	0.3051272658
7069	0.3051266838
7070	0.3051242038
7071	0.3051239128
7072	0.3051100683
7073	0.3051039707
7074	0.3050966549
7075	0.3050781557
7076	0.3050760563
7077	0.3050646329
7078	0.3050642117
7079	0.305063912
7080	0.3050619109
7081	0.3050615059
7082	0.3050601255
7083	0.3050597541
7084	0.3050592079
7085	0.3050539259
7086	0.3050455686
7087	0.3050397027
7088	0.305018077
7089	0.3050163906
7090	0.3050037917
7091	0.3049991638
7092	0.3049970398
7093	0.3049965386
7094	0.3049757637
7095	0.3049593915
7096	0.3049556273
7097	0.3049556214
7098	0.3049548531
7099	0.3049531097
7100	0.3049463408
7101	0.3049451279
7102	0.3049238367
7103	0.3049230358
7104	0.3049208875
7105	0.3049195067
7106	0.3049183885
7107	0.3049153165
7108	0.3049065801
7109	0.3049001058
7110	0.3048821916
7111	0.304880402
7112	0.3048798722
7113	0.304875842
7114	0.3048733837
7115	0.304862539
7116	0.3048551957
7117	0.3048547152
7118	0.3048543236
7119	0.3048312074
7120	0.3048312112
7121	0.3048255635
7122	0.3048252279
7123	0.3048193829
7124	0.3048174484
7125	0.3047976281
7126	0.3047948088
7127	0.3047874604
7128	0.3047770163
7129	0.3047474579
7130	0.3047470673
7131	0.3047246666
7132	0.3047211895
7133	0.3047051107
7134	0.3047038911
7135	0.3046945595
7136	0.3046942709
7137	0.3046929213
7138	0.304692055
7139	0.3046916393
7140	0.3046889152
7141	0.3046756846
7142	0.3046491295
7143	0.304648106
7144	0.3046407011
7145	0.304640052
7146	0.3046397419
7147	0.3046194246
7148	0.3046167036
7149	0.3046161033
7150	0.3046153524
7151	0.3046001902
7152	0.304599325
7153	0.3045797594
7154	0.3045796283
7155	0.3045735839
7156	0.3045586379
7157	0.3045398503
7158	0.3045385219
7159	0.3045136796
7160	0.3044931034
7161	0.3044672531
7162	0.3044665151
7163	0.3044527828
7164	0.3044519302
7165	0.3044511453
7166	0.304450533
7167	0.3044484778
7168	0.3044055174
7169	0.3043899453
7170	0.3043738458
7171	0.3043710523
7172	0.3043532064
7173	0.304352036
7174	0.3043462785
7175	0.3043271141
7176	0.3043267932
7177	0.3043262712
7178	0.3043133348
7179	0.304312407
7180	0.304312407
7181	0.3043038886
7182	0.3043025784
7183	0.3042972055
7184	0.3042837905
7185	0.3042827374
7186	0.3042813708
7187	0.3042809209
7188	0.3042758554
7189	0.3042621468
7190	0.3042599124
7191	0.3042583305
7192	0.3042478248
7193	0.3042218156
7194	0.3042192167
7195	0.3042189526
7196	0.3042170408
7197	0.30421049
7198	0.3042101678
7199	0.3042095617
7200	0.304208363
7201	0.3042083631
7202	0.3041981614
7203	0.3041827615
7204	0.3041818557
7205	0.3041796632
7206	0.3041727681
7207	0.3041724036
7208	0.3041715908
7209	0.3041474218
7210	0.3041450912
7211	0.3041437976
7212	0.3041384735
7213	0.304134757
7214	0.304131973
7215	0.3041316143
7216	0.304125868
7217	0.3041161339
7218	0.3041156166
7219	0.3040998766
7220	0.3040976739
7221	0.3040971165
7222	0.3040885594
7223	0.3040865757
7224	0.30406755
7225	0.3040673976
7226	0.3040553814
7227	0.3040535135
7228	0.3040519434
7229	0.3040337806
7230	0.304025856
7231	0.3040258288
7232	0.3040249118
7233	0.3040151802
7234	0.3040144064
7235	0.3040141158
7236	0.3040125064
7237	0.3039953274
7238	0.3039950378
7239	0.3039944083
7240	0.3039937554
7241	0.3039925257
7242	0.3039909215
7243	0.3039791786
7244	0.303952815
7245	0.3039528241
7246	0.3039425633
7247	0.3039302921
7248	0.303930118
7249	0.3039243014
7250	0.3039237571
7251	0.3039067308
7252	0.3038920826
7253	0.303891658
7254	0.3038906478
7255	0.3038899831
7256	0.3038822692
7257	0.303877812
7258	0.3038771668
7259	0.3038765808
7260	0.3038735475
7261	0.3038675212
7262	0.3038614214
7263	0.3038552476
7264	0.303844621
7265	0.3038429432
7266	0.3038427649
7267	0.3038237299
7268	0.3038223709
7269	0.3038097196
7270	0.3038028488
7271	0.3037887718
7272	0.3037694384
7273	0.3037673601
7274	0.3037474952
7275	0.3037444333
7276	0.303743361
7277	0.3037418478
7278	0.3037253583
7279	0.3037240809
7280	0.3037237364
7281	0.3037216628
7282	0.303697979
7283	0.3036830549
7284	0.3036699509
7285	0.3036691818
7286	0.3036681403
7287	0.3036435227
7288	0.3036276605
7289	0.3036096398
7290	0.3036009364
7291	0.3035997299
7292	0.3035956719
7293	0.3035815219
7294	0.3035508166
7295	0.3035092488
7296	0.3035080134
7297	0.3034670716
7298	0.3034631456
7299	0.3034283797
7300	0.3034263192
7301	0.3034190097
7302	0.3033890205
7303	0.3033878376
7304	0.3033643781
7305	0.303363653
7306	0.3033607964
7307	0.3033456188
7308	0.3033448625
7309	0.3033317719
7310	0.3033111854
7311	0.3032995407
7312	0.3032917081
7313	0.3032908372
7314	0.3032770022
7315	0.3032702206
7316	0.3032699309
7317	0.3032590435
7318	0.3032438376
7319	0.3032433052
7320	0.3032393896
7321	0.3032386949
7322	0.3032165031
7323	0.3032119834
7324	0.3032116251
7325	0.3032104452
7326	0.3032101644
7327	0.3032081077
7328	0.3032067832
7329	0.3032062926
7330	0.3032059427
7331	0.3032048185
7332	0.3031949106
7333	0.3031945395
7334	0.3031693891
7335	0.3031681145
7336	0.3031648933
7337	0.3031636429
7338	0.3031633064
7339	0.3031605119
7340	0.3031598868
7341	0.3031311551
7342	0.303130812
7343	0.303114417
7344	0.3031128247
7345	0.3031128227
7346	0.3031097126
7347	0.303107223
7348	0.303106545
7349	0.3030870546
7350	0.303078215
7351	0.3030670057
7352	0.3030661097
7353	0.3030661088
7354	0.3030438606
7355	0.3030282678
7356	0.303012798
7357	0.3030088755
7358	0.302989996
7359	0.3029714136
7360	0.3029690972
7361	0.3029288635
7362	0.3029217843
7363	0.3029104614
7364	0.3029083269
7365	0.3029071693
7366	0.3029004559
7367	0.3028994537
7368	0.3028942502
7369	0.3028905805
7370	0.302868523
7371	0.3028502454
7372	0.302847631
7373	0.3028230947
7374	0.3028220412
7375	0.3028055536
7376	0.3027882279
7377	0.3027874728
7378	0.3027864278
7379	0.3027680579
7380	0.302767771
7381	0.3027660433
7382	0.3027539111
7383	0.3027381027
7384	0.3027376639
7385	0.3027257362
7386	0.3027168482
7387	0.3027166988
7388	0.3027145037
7389	0.3026988673
7390	0.3026976759
7391	0.3026972095
7392	0.3026845555
7393	0.3026660093
7394	0.3026637466
7395	0.3026617425
7396	0.3026568447
7397	0.3026555538
7398	0.30265142
7399	0.3026506242
7400	0.3026348301
7401	0.3026331005
7402	0.3026326851
7403	0.3026305899
7404	0.3026304521
7405	0.3026296573
7406	0.3026248899
7407	0.3026248797
7408	0.3026218058
7409	0.3026210672
7410	0.3026188901
7411	0.3026087799
7412	0.3025977418
7413	0.3025819367
7414	0.3025806931
7415	0.3025784316
7416	0.3025767736
7417	0.302576099
7418	0.3025753788
7419	0.3025679969
7420	0.3025670525
7421	0.3025662362
7422	0.3025426115
7423	0.3025236435
7424	0.3024980008
7425	0.3024817007
7426	0.3024816615
7427	0.3024572955
7428	0.3024552
7429	0.3024532367
7430	0.3024524287
7431	0.3024393385
7432	0.3024250898
7433	0.3024126251
7434	0.3024122258
7435	0.3024046681
7436	0.3023936865
7437	0.3023926597
7438	0.3023729348
7439	0.302372675
7440	0.3023554832
7441	0.3023550889
7442	0.3023550849
7443	0.3023394971
7444	0.302339195
7445	0.3023379748
7446	0.3023181083
7447	0.3022999076
7448	0.3022743063
7449	0.3022737318
7450	0.3022539025
7451	0.3022443354
7452	0.3022213561
7453	0.3022193178
7454	0.3022180507
7455	0.3022120995
7456	0.3021956615
7457	0.3021934569
7458	0.3021915257
7459	0.3021891883
7460	0.3021886821
7461	0.3021686742
7462	0.3021596397
7463	0.302158879
7464	0.3021573263
7465	0.3021524633
7466	0.3021388289
7467	0.3021161718
7468	0.3021157553
7469	0.302100134
7470	0.3020913164
7471	0.3020659516
7472	0.302064968
7473	0.3020496681
7474	0.3020471798
7475	0.302043801
7476	0.3020431176
7477	0.3020394019
7478	0.3020383987
7479	0.302013814
7480	0.3020126111
7481	0.3020097526
7482	0.3019912131
7483	0.3019858409
7484	0.3019807248
7485	0.3019775423
7486	0.3019607739
7487	0.3019604857
7488	0.3019448722
7489	0.3019448624
7490	0.3019395483
7491	0.3019355756
7492	0.3019352795
7493	0.3019352675
7494	0.3019347728
7495	0.3019330042
7496	0.3019091808
7497	0.3019015052
7498	0.3019010162
7499	0.3018766046
7500	0.3018642488
7501	0.3018421505
7502	0.3018379968
7503	0.3018352935
7504	0.3018344721
7505	0.3018220382
7506	0.3018215119
7507	0.3018212329
7508	0.3017969557
7509	0.3017948329
7510	0.3017878817
7511	0.3017828459
7512	0.3017653438
7513	0.3017408167
7514	0.3017401866
7515	0.3017397828
7516	0.3017174741
7517	0.301703031
7518	0.3017025956
7519	0.3017012189
7520	0.3016966413
7521	0.3016962762
7522	0.3016640885
7523	0.3016631522
7524	0.3016628788
7525	0.3016573726
7526	0.3016401387
7527	0.3016382318
7528	0.3016205859
7529	0.3016150596
7530	0.3016111678
7531	0.3016098618
7532	0.3015926535
7533	0.3015923737
7534	0.3015864177
7535	0.301585775
7536	0.3015743725
7537	0.3015739697
7538	0.3015658443
7539	0.3015656598
7540	0.3015586868
7541	0.3015404508
7542	0.3015401683
7543	0.3015384675
7544	0.3015281743
7545	0.3015147135
7546	0.3015131436
7547	0.3015128881
7548	0.3015122664
7549	0.3015115909
7550	0.3014930529
7551	0.3014927417
7552	0.3014918177
7553	0.3014836185
7554	0.3014719734
7555	0.3014715289
7556	0.301469631
7557	0.301466118
7558	0.3014574042
7559	0.3014360365
7560	0.3014344899
7561	0.3014291576
7562	0.3014289416
7563	0.3014190999
7564	0.3014086168
7565	0.301406393
7566	0.3014022314
7567	0.3014018807
7568	0.3013925188
7569	0.3013899704
7570	0.3013754778
7571	0.3013626453
7572	0.3013623042
7573	0.3013588404
7574	0.3013452763
7575	0.3013423307
7576	0.3013415549
7577	0.3013270396
7578	0.3013202265
7579	0.3013168516
7580	0.3012890939
7581	0.3012770611
7582	0.3012759581
7583	0.3012759445
7584	0.3012681178
7585	0.301267587
7586	0.3012665948
7587	0.3012616162
7588	0.3012480531
7589	0.301247709
7590	0.3012470093
7591	0.3012470388
7592	0.3012458303
7593	0.3012245896
7594	0.3012224953
7595	0.3012128631
7596	0.3011859065
7597	0.30116395
7598	0.3011566778
7599	0.3011417749
7600	0.3011381826
7601	0.3011298937
7602	0.3011287476
7603	0.3011282896
7604	0.3011180323
7605	0.3011175733
7606	0.3011173468
7607	0.3011131056
7608	0.3011074543
7609	0.3011043211
7610	0.3011001904
7611	0.3010982589
7612	0.3010958325
7613	0.3010800788
7614	0.3010795493
7615	0.3010624358
7616	0.3010396948
7617	0.301039176
7618	0.3010386255
7619	0.3010207071
7620	0.3010194422
7621	0.3010054199
7622	0.3010009872
7623	0.3009723406
7624	0.3009718121
7625	0.3009555477
7626	0.3009551693
7627	0.3009385723
7628	0.3009381769
7629	0.3009258571
7630	0.3009098457
7631	0.3009090916
7632	0.3008988028
7633	0.3008985502
7634	0.3008819333
7635	0.300881349
7636	0.3008770769
7637	0.3008761719
7638	0.3008723579
7639	0.3008487489
7640	0.3008482339
7641	0.3008421825
7642	0.3008369746
7643	0.3008296285
7644	0.3008243585
7645	0.3008047859
7646	0.3008046369
7647	0.3007955978
7648	0.3007946617
7649	0.3007865825
7650	0.3007797526
7651	0.3007793714
7652	0.3007543723
7653	0.3007536069
7654	0.3007504517
7655	0.3007501274
7656	0.300749411
7657	0.3007399809
7658	0.3007269655
7659	0.3007091136
7660	0.3007082338
7661	0.3007033131
7662	0.3006780622
7663	0.3006630711
7664	0.3006466917
7665	0.3006455803
7666	0.300644867
7667	0.3006421728
7668	0.3006196557
7669	0.3006133762
7670	0.3006102004
7671	0.3006090852
7672	0.3005976355
7673	0.300586057
7674	0.3005847137
7675	0.3005819823
7676	0.3005808928
7677	0.300552274
7678	0.3005424631
7679	0.3005284527
7680	0.3005149591
7681	0.300514072
7682	0.3005118041
7683	0.3005115823
7684	0.3005100681
7685	0.3004856349
7686	0.3004850383
7687	0.3004841671
7688	0.3004819591
7689	0.300479446
7690	0.3004787341
7691	0.3004760717
7692	0.3004721596
7693	0.3004717209
7694	0.3004710497
7695	0.3004666675
7696	0.300464113
7697	0.3004621335
7698	0.3004465102
7699	0.3004421687
7700	0.3004413163
7701	0.3004408705
7702	0.3004186985
7703	0.30040958
7704	0.3004074485
7705	0.3004074453
7706	0.3004069195
7707	0.3004064932
7708	0.3003989092
7709	0.3003849491
7710	0.3003842192
7711	0.3003726442
7712	0.3003526512
7713	0.300351739
7714	0.3003355626
7715	0.3003312998
7716	0.300315295
7717	0.3003150461
7718	0.3002882881
7719	0.3002861475
7720	0.3002820077
7721	0.3002736632
7722	0.3002724098
7723	0.3002574539
7724	0.3002416684
7725	0.3002344789
7726	0.3002332625
7727	0.3002236249
7728	0.3002226881
7729	0.300193551
7730	0.3001910919
7731	0.3001659494
7732	0.3001657868
7733	0.3001627685
7734	0.3001456818
7735	0.3001218562
7736	0.3001203435
7737	0.3001101565
7738	0.3001089968
7739	0.3001084085
7740	0.3000954389
7741	0.3000825524
7742	0.3000820469
7743	0.3000661157
7744	0.3000554328
7745	0.3000545691
7746	0.300052945
7747	0.3000304292
7748	0.3000302414
7749	0.3000108686
7750	0.3000103822
7751	0.2999868742
7752	0.2999770245
7753	0.299940153
7754	0.299939396
7755	0.2999275771
7756	0.299922833
7757	0.2999146116
7758	0.2999141737
7759	0.2999043572
7760	0.2998875133
7761	0.2998856275
7762	0.299885279
7763	0.2998845167
7764	0.2998838354
7765	0.2998727781
7766	0.2998546368
7767	0.2998411484
7768	0.2998312274
7769	0.2998310346
7770	0.2998207708
7771	0.2998067341
7772	0.2997917447
7773	0.2997789646
7774	0.2997781507
7775	0.2997777364
7776	0.2997733918
7777	0.2997672268
7778	0.2997641602
7779	0.2997414849
7780	0.2997381635
7781	0.2997375735
7782	0.2997290414
7783	0.2997244152
7784	0.2997241079
7785	0.2997145405
7786	0.299695818
7787	0.299689779
7788	0.2996888322
7789	0.2996826158
7790	0.2996808377
7791	0.2996704067
7792	0.2996538931
7793	0.2996524982
7794	0.2996469637
7795	0.2996468824
7796	0.2996410409
7797	0.2996268082
7798	0.2996261402
7799	0.2996202858
7800	0.2996202265
7801	0.2996156611
7802	0.2996026528
7803	0.299601159
7804	0.2995762786
7805	0.2995757012
7806	0.2995337496
7807	0.2995252836
7808	0.2995247138
7809	0.2995115599
7810	0.2995021367
7811	0.299500453
7812	0.299499753
7813	0.2994856718
7814	0.2994854069
7815	0.2994849819
7816	0.2994654927
7817	0.2994644077
7818	0.2994450392
7819	0.299442798
7820	0.2994356033
7821	0.2994301666
7822	0.2994202964
7823	0.2994197435
7824	0.2994168077
7825	0.2994155853
7826	0.2994030418
7827	0.2994028447
7828	0.2994015363
7829	0.2993872013
7830	0.299375906
7831	0.2993736167
7832	0.2993731076
7833	0.2993705016
7834	0.2993539082
7835	0.2993535768
7836	0.29935252
7837	0.2993419751
7838	0.2993404345
7839	0.2993399268
7840	0.2993327504
7841	0.2993065782
7842	0.2993061522
7843	0.2992914082
7844	0.2992867429
7845	0.2992851438
7846	0.2992699574
7847	0.2992657755
7848	0.2992502672
7849	0.2992498333
7850	0.2992487815
7851	0.2992441192
7852	0.2992423779
7853	0.2992162377
7854	0.2992099019
7855	0.2992058399
7856	0.2992050344
7857	0.2992042851
7858	0.2992040183
7859	0.2992031234
7860	0.2992013548
7861	0.2991992595
7862	0.2991829792
7863	0.2991824901
7864	0.2991705229
7865	0.29916017
7866	0.2991601724
7867	0.2991207675
7868	0.2991186285
7869	0.2990980563
7870	0.2990800547
7871	0.2990669103
7872	0.2990661239
7873	0.2990624695
7874	0.2990458236
7875	0.2990247358
7876	0.299018507
7877	0.2990163897
7878	0.2990072561
7879	0.2990036862
7880	0.2989877955
7881	0.298966635
7882	0.2989612407
7883	0.298921465
7884	0.2989058553
7885	0.29890495
7886	0.2989015243
7887	0.2989000696
7888	0.2988956383
7889	0.2988892514
7890	0.2988890059
7891	0.2988865008
7892	0.2988824646
7893	0.2988819114
7894	0.2988673516
7895	0.2988630324
7896	0.298849371
7897	0.2988377971
7898	0.2988346212
7899	0.2988338021
7900	0.2988298355
7901	0.2988123351
7902	0.2987994089
7903	0.2987942891
7904	0.2987756687
7905	0.2987602566
7906	0.2987489407
7907	0.2987351742
7908	0.2987349338
7909	0.298707139
7910	0.2987066215
7911	0.2987052436
7912	0.2987042628
7913	0.2986806363
7914	0.2986569257
7915	0.2986551287
7916	0.2986481588
7917	0.2986450091
7918	0.2986285776
7919	0.2986129464
7920	0.2986104887
7921	0.29859809
7922	0.298597728
7923	0.2985915033
7924	0.2985907418
7925	0.2985761533
7926	0.2985749015
7927	0.2985744289
7928	0.2985653162
